participant,condition,file,taskId,finalId,T_task_sec,N_cmds,n_devices_required,n_colors_required,device_arrange_id
1,Label,4_D.json,2e919b0d-6d84-4641-a535-930a7ca6c8b7,5dbf45c3-ee64-475f-8cf5-4637e1e3630d,45.18023,2,3,,
1,Label,4_D.json,79dc7e7b-d1c7-4237-908d-f541b20406d4,a61c9e99-7fa9-444d-889b-c2fcc71b852e,38.279994,1,1,,
1,Label,4_D.json,fdf65cab-a9a0-4e5f-ac35-c3cff2196644,44402af5-69c7-4615-8dcd-032970541226,64.52007,1,4,,
1,Label,4_D.json,2d0b42ad-6703-463c-81b3-4ee4d0c8b347,944b0597-b7ea-4611-b840-dabcb4c46f1c,32.119994,1,1,,
1,Label,4_D.json,ae59cd40-20ff-4809-8cbb-87c7cc41665c,c08e5fd1-bd99-45a4-be72-88c57dd7fcde,110.80046,6,4,,
1,Label,4_D.json,5dde3eac-8ee6-4821-99d4-f6e4ae5f7bd2,fb2a3333-a413-4305-8428-33201f39fe46,20.04027,1,2,,
1,Label,4_D.json,40573e58-0087-4bb3-9ed7-d18a24a35b78,0005a366-956e-4266-a89a-6dbd02d6af0d,54.60008,3,9,,
1,Label,4_D.json,7aeefa77-f398-4a26-b615-e50c4d05ba64,9b2735bd-ecd3-41a0-a329-dc6b1b3cc60a,21.04006,1,2,,
1,Label,4_D.json,09ff7f59-f6d6-4c54-9955-f1b4bfd11225,16719d23-2992-4286-b7ba-b9fe55fd4683,20.68005,1,3,,
1,Label,4_D.json,b1e13b56-4030-40b3-a8c7-fbc4554e6c18,d7df9815-a468-4f4c-b5f2-6cd45609f9ac,80.179997,2,4,,
1,Label,4_D.json,bee10050-f98c-456a-a684-4435ee88ef00,0d9e8946-c121-4407-a55a-adfe1dc9b538,35.94027,1,3,,
1,Label,4_D.json,c78550a2-290e-4b94-98db-961c2110c668,7b992b53-e7d0-4ff6-9371-969e8db76bc4,19.70006,2,4,,
1,Pointing,3_C.json,7612d934-759d-4a55-9a58-ef65940b7162,f7b2d6c3-7fb8-48fa-833e-e1d41ceeef87,52.0213661,3,3,,
1,Pointing,3_C.json,b0e9f035-c92f-4dc6-bd0a-a10b2941f902,8bc481ee-1cd4-4eb2-8a06-6014c9fa8051,16.11647,1,1,,
1,Pointing,3_C.json,ff4748e2-cd97-45bb-bf2c-e5c9c33f78ac,8e7e1cf2-49e3-487f-aef1-8dd2a56b681c,38.9533424,1,3,,
1,Pointing,3_C.json,04f5e376-2845-485a-8cb1-c38e3858ff8a,e9986253-db00-451f-9a05-61e071023e3b,35.8074036,2,4,,
1,Pointing,3_C.json,1ff814e6-7f85-4e81-ad9f-9aababb20e6d,667be4de-0c43-4da1-b299-c727a67eb8d1,41.2814,2,4,,
1,Pointing,3_C.json,4e23551b-4fd6-49d6-bc2b-c11836bf2a24,3782d5a3-a783-4f49-bcdc-047b503546b4,40.26455,2,2,,
1,Pointing,3_C.json,b594ae95-d981-4868-ae48-3f63eb87087a,247b9979-afe8-4e46-833a-ed04c513e845,25.8251057,2,4,,
1,Pointing,3_C.json,e81806f6-a4f2-4336-b77b-3407e101bc18,b1c5aa06-b074-40b4-8f57-0c8ea0979d62,34.91839,2,3,,
1,Pointing,3_C.json,3bc363f5-3c91-4c51-8139-93034b21f3a9,53b28667-2f8a-48da-b0bc-1caf2711cd22,16.84917,1,1,,
1,Pointing,3_C.json,e0153245-d5d9-449a-87f1-2a35d3239eef,731d5aa9-d972-44e9-a0e3-41dc5e18b8ff,28.73032,2,6,,
1,Pointing,3_C.json,3d9e0045-08fb-4a50-b4e5-e4b24c3554c9,7be3acb7-46ac-4d80-9971-de0afe0e6856,19.9321346,1,2,,
1,Pointing,3_C.json,fd995852-c28d-49e9-97b5-9774af3241c3,dd8f22ef-3b39-4ee6-b921-dbdce840f97c,39.94463,3,6,,
1,P+SR,2_B.json,95479aa7-9c98-49e4-817e-727302518dae,a68a835e-e6a2-4466-8613-3e59d7163821,34.9134521,1,3,,
1,P+SR,2_B.json,2a7b8c63-3775-4bbf-8841-7976b4ccf32f,1056e5b2-cabd-4d25-84f4-8e72d2112d21,93.4015045,1,4,,
1,P+SR,2_B.json,fcee09b7-efa4-4e87-956e-553ee7bb3648,c255c0d4-ee9e-4aba-8fd0-f924d6f03586,22.82896,1,2,,
1,P+SR,2_B.json,1a84f2f7-1739-41af-94ae-9a3c6677e61d,5159710f-8798-4225-9e0b-568e0471b183,27.5241356,1,3,,
1,P+SR,2_B.json,4f145d76-f69f-4547-90a7-56281733ca5b,f0f529e1-abb2-4fd3-b235-d490ffcc9b88,30.08858,1,2,,
1,P+SR,2_B.json,9e93766e-b621-4d6e-9927-173ac982bf3a,4f810784-6666-43ab-961f-cee303928c9a,26.2445641,1,2,,
1,P+SR,2_B.json,25c3ccdb-26c7-4109-bcfe-730434f9caa9,37013020-19c6-485c-b7cb-0fc48e98117a,28.5922871,1,2,,
1,P+SR,2_B.json,19e8d0a8-02bf-4644-9732-e4190e13825e,9ea5421a-64a8-40d6-a8d9-70061aa5b4d7,63.62015,2,4,,
1,P+SR,2_B.json,cd873fbb-fcc1-43bd-8f04-bb3b2d716af4,ebba41dd-4354-4a68-a7ad-6e54c3600b63,28.4153919,1,6,,
1,P+SR,2_B.json,4fd86244-384f-4a69-adc8-6fd13c16422c,6d2b9661-1299-4dbe-937d-1d1bb47ce50d,31.2349129,1,3,,
1,P+SR,2_B.json,386be10f-0686-4118-928d-b57f06593b2f,10515fb1-aaae-49b1-8485-463cafb8f242,63.2518272,2,3,,
1,P+SR,2_B.json,b3a3afee-32b8-4986-b9e8-16227e2c7bd9,d9038356-ebef-45f2-9b96-2c7450638ad0,19.374506,1,1,,
1,SR,1_A.json,2369c5c0-c4bb-4308-a9cd-05a64a69f91a,aadcfb64-9e23-4c66-b0c8-0badc79d6e27,92.06196,3,6,,
1,SR,1_A.json,d58fe3c1-28a0-4e49-9e2f-e72569f6e61e,03f25dc0-e633-416e-bd8d-5932cdb0c887,49.800087,1,4,,
1,SR,1_A.json,0ebd3226-6abe-4b54-8d2f-6c4c8adc1978,b1f2e58c-83bb-4457-8f54-419078706d31,55.4441147,2,2,,
1,SR,1_A.json,fe0ef0b0-c647-4b3a-b2f6-68a75133a566,b822a855-c7f7-41d9-8ca5-2e3bc7eb1a3f,28.2178535,1,1,,
1,SR,1_A.json,8aeed698-e7ee-41ef-bfe7-56f37e2232ab,66c33021-0e36-40aa-a576-4d45ea98041a,92.1722946,3,3,,
1,SR,1_A.json,137e922c-0877-46af-a797-5a32df2edf5d,22d71126-0c2c-430a-bad6-59f7e751750d,94.04735,3,3,,
1,SR,1_A.json,f548cabb-2a47-4399-a702-f76d5d1336df,5a1e626b-bda7-4a47-b93c-55081f4c5bda,31.2542667,2,2,,
1,SR,1_A.json,81c1a60b-c8ac-4a16-b831-1df68863e61e,70f9ba92-b65e-4a92-afa3-c04286a2368a,84.8167953,3,3,,
1,SR,1_A.json,c87d383c-41db-4303-8615-9271bbf2465e,aef884b6-7c14-4a84-9848-ada3874fbbc3,57.0979958,2,2,,
1,SR,1_A.json,e2dc0c9a-3e6f-40a4-b8c5-7289c1efe296,19b2c3d6-b594-4edd-a7cb-9d76cce97774,29.4735222,1,1,,
1,SR,1_A.json,7cbd6f03-54a0-426f-b4ea-d8e0ce58e276,b00aa10c-338c-4265-9397-df29fb9d355b,50.60276,2,2,,
1,SR,1_A.json,eee4a904-a6ad-4369-970f-b656e1f59f12,a157cfcb-94fe-4198-af20-cf37ed7b9539,46.11376,2,2,,
10,P+SR,2_A.json,fe0ef0b0-c647-4b3a-b2f6-68a75133a566,1c733ef3-f314-447d-b183-d7420a4927be,10.0790071,1,1,,
10,P+SR,2_A.json,d58fe3c1-28a0-4e49-9e2f-e72569f6e61e,a8d6655b-dd5e-496f-aa4f-38a7654156b1,43.500927,3,4,,
10,P+SR,2_A.json,8aeed698-e7ee-41ef-bfe7-56f37e2232ab,e7071317-0c83-43e4-a6cc-c77da89311f8,26.4523144,1,3,,
10,P+SR,2_A.json,2369c5c0-c4bb-4308-a9cd-05a64a69f91a,40ba15bd-25e6-416a-a10c-5ad273eca798,37.3018036,1,6,,
10,P+SR,2_A.json,e2dc0c9a-3e6f-40a4-b8c5-7289c1efe296,2bab026c-1738-49f0-9ff1-da835c008934,10.8414,1,1,,
10,P+SR,2_A.json,7cbd6f03-54a0-426f-b4ea-d8e0ce58e276,2f306777-fbbb-4039-9c2f-0dc354509ab9,14.2941618,1,2,,
10,P+SR,2_A.json,0ebd3226-6abe-4b54-8d2f-6c4c8adc1978,07d7375a-2e4e-49e1-ad3c-b1de7673bd07,15.6493149,1,2,,
10,P+SR,2_A.json,137e922c-0877-46af-a797-5a32df2edf5d,45044bdc-c47c-4d96-80eb-30a942ec49be,138.842117,4,3,,
10,P+SR,2_A.json,f548cabb-2a47-4399-a702-f76d5d1336df,f818413c-5f30-498a-9827-630b7fe12c04,17.7508488,1,2,,
10,P+SR,2_A.json,81c1a60b-c8ac-4a16-b831-1df68863e61e,a6f66b22-2e72-4d71-9b9c-835ad324a570,32.89805,1,3,,
10,P+SR,2_A.json,c87d383c-41db-4303-8615-9271bbf2465e,2219462d-2a9c-4a45-b92e-cc4b6c2cb5ce,53.6768456,1,2,,
10,P+SR,2_A.json,eee4a904-a6ad-4369-970f-b656e1f59f12,606dedc6-4c07-47a3-9ce1-66ffd07d5dbb,24.0876369,1,2,,
10,Pointing,3_D.json,40573e58-0087-4bb3-9ed7-d18a24a35b78,a2deaf9a-3d78-4107-8e53-ca4d62ea64bd,40.41314,3,9,,
10,Pointing,3_D.json,bee10050-f98c-456a-a684-4435ee88ef00,99023fb9-ae34-40e9-9fd1-0518633dd4fe,29.69144,3,3,,
10,Pointing,3_D.json,b1e13b56-4030-40b3-a8c7-fbc4554e6c18,4442aa25-bfd8-49ad-93f9-8d2e2001cc93,18.0844841,2,4,,
10,Pointing,3_D.json,2d0b42ad-6703-463c-81b3-4ee4d0c8b347,14efa42b-02c1-4e10-881f-894fb90bbb80,14.070364,1,1,,
10,Pointing,3_D.json,ae59cd40-20ff-4809-8cbb-87c7cc41665c,981edd0d-2fd6-4b81-b029-b3f8b8c87165,28.3444977,2,4,,
10,Pointing,3_D.json,fdf65cab-a9a0-4e5f-ac35-c3cff2196644,e707a545-428a-41ed-b8c5-e23a73a2f608,15.5318642,1,4,,
10,Pointing,3_D.json,c78550a2-290e-4b94-98db-961c2110c668,a3ff300e-b9ea-40e7-8a84-7eed803bd588,22.759407,2,4,,
10,Pointing,3_D.json,7aeefa77-f398-4a26-b615-e50c4d05ba64,f1dc73eb-52ad-46e5-ab35-7ca62ae4de9a,27.6603947,2,2,,
10,Pointing,3_D.json,09ff7f59-f6d6-4c54-9955-f1b4bfd11225,76f167f6-2b45-498d-bf14-372fdb0f0cf4,14.6964579,1,3,,
10,Pointing,3_D.json,2e919b0d-6d84-4641-a535-930a7ca6c8b7,a120b376-3955-4342-8443-f0e4c24a6545,26.0927029,3,3,,
10,Pointing,3_D.json,79dc7e7b-d1c7-4237-908d-f541b20406d4,4c5302b1-f601-4b13-87e6-fc5c4ba0a2bd,21.0893536,2,1,,
10,Pointing,3_D.json,5dde3eac-8ee6-4821-99d4-f6e4ae5f7bd2,6d27ad6b-837e-4c9a-9197-1a44be6e07ab,29.7057514,2,2,,
10,Label,4_B.json,25c3ccdb-26c7-4109-bcfe-730434f9caa9,c24f82de-ceee-4595-83f7-b53d4293a6a5,22.90212,1,2,,
10,Label,4_B.json,386be10f-0686-4118-928d-b57f06593b2f,ab028290-c288-4611-9923-64465ea5d065,52.5091,3,3,,
10,Label,4_B.json,4fd86244-384f-4a69-adc8-6fd13c16422c,39c4cd3b-1322-466a-8af2-e657dfb87ade,50.3995056,2,3,,
10,Label,4_B.json,1a84f2f7-1739-41af-94ae-9a3c6677e61d,a9755eb8-b230-48ec-9115-2464b38164d6,25.40648,1,3,,
10,Label,4_B.json,4f145d76-f69f-4547-90a7-56281733ca5b,cb6829ae-3881-4b3b-a037-d53b2ba9ebf5,50.9055748,2,2,,
10,Label,4_B.json,fcee09b7-efa4-4e87-956e-553ee7bb3648,92300a24-7098-42af-8873-471155767cb2,26.2481251,1,2,,
10,Label,4_B.json,b3a3afee-32b8-4986-b9e8-16227e2c7bd9,81a8cfa7-6457-4c27-89d7-3bed36b8860e,22.28995,1,1,,
10,Label,4_B.json,19e8d0a8-02bf-4644-9732-e4190e13825e,4a2dc36f-fe68-4bc4-8fae-6aadb50328f2,34.9136,2,4,,
10,Label,4_B.json,cd873fbb-fcc1-43bd-8f04-bb3b2d716af4,9d863237-610a-4b8c-b673-9672655df96e,34.382473,2,6,,
10,Label,4_B.json,95479aa7-9c98-49e4-817e-727302518dae,e58a1857-71cb-4811-b0b5-329aa138182c,14.8778629,1,3,,
10,Label,4_B.json,2a7b8c63-3775-4bbf-8841-7976b4ccf32f,45830d7c-b65a-4331-bb77-57153f270516,32.2311134,2,4,,
10,Label,4_B.json,9e93766e-b621-4d6e-9927-173ac982bf3a,5ec92b96-9930-4c87-a96e-e84b5e0045f5,14.0510159,1,2,,
10,SR,1_C.json,04f5e376-2845-485a-8cb1-c38e3858ff8a,4cc0faaf-e6ca-4399-a226-cc923dde844f,62.18814,2,4,,
10,SR,1_C.json,3d9e0045-08fb-4a50-b4e5-e4b24c3554c9,c99c95cd-b9f4-40cd-b19c-35ca742a4e24,63.45165,1,2,,
10,SR,1_C.json,fd995852-c28d-49e9-97b5-9774af3241c3,1ed4516b-c64c-4d9e-b8c7-9802db4f8444,104.7255,4,6,,
10,SR,1_C.json,b594ae95-d981-4868-ae48-3f63eb87087a,4ebc07f8-c77a-4543-85f7-771e5c95ffb1,41.00517,2,4,,
10,SR,1_C.json,e0153245-d5d9-449a-87f1-2a35d3239eef,3d06b616-67f0-4a55-8e5b-2150f2d9e882,82.07072,4,6,,
10,SR,1_C.json,e81806f6-a4f2-4336-b77b-3407e101bc18,58c8fae7-80b0-42e6-86e7-793b118acad7,85.3875351,6,3,,
10,SR,1_C.json,3bc363f5-3c91-4c51-8139-93034b21f3a9,33c3f061-f104-4d4b-8178-8a5bd577c872,55.9377823,3,1,,
10,SR,1_C.json,7612d934-759d-4a55-9a58-ef65940b7162,3986af5d-4703-43ee-bcc7-9d49842220c4,177.497955,8,5,,
10,SR,1_C.json,b0e9f035-c92f-4dc6-bd0a-a10b2941f902,8edf7921-a597-4252-b261-89fbd2c9c919,14.883955,1,1,,
10,SR,1_C.json,1ff814e6-7f85-4e81-ad9f-9aababb20e6d,646ae292-ef70-4655-b0d2-6cc573d86c22,70.89931,3,4,,
10,SR,1_C.json,ff4748e2-cd97-45bb-bf2c-e5c9c33f78ac,0d09e002-4c54-4f42-9160-dc9fc08389b2,68.0083847,3,3,,
10,SR,1_C.json,4e23551b-4fd6-49d6-bc2b-c11836bf2a24,9b3564c6-b4c5-416b-a924-dcc825c1124e,34.3222542,2,2,,
11,P+SR,2_D.json,40573e58-0087-4bb3-9ed7-d18a24a35b78,24644124-383d-4ad6-a460-2712b406dc11,50.5299225,3,9,,
11,P+SR,2_D.json,c78550a2-290e-4b94-98db-961c2110c668,f2bfdbad-ef41-41a4-8770-379e3e661ccc,30.84306,2,4,,
11,P+SR,2_D.json,fdf65cab-a9a0-4e5f-ac35-c3cff2196644,09b6b49b-a3fe-46a7-a2e4-fbc7e01b94fb,18.3327656,1,4,,
11,P+SR,2_D.json,09ff7f59-f6d6-4c54-9955-f1b4bfd11225,a6a7c95c-a4cd-4259-93e5-5ba6b223ffd5,20.9297714,1,3,,
11,P+SR,2_D.json,ae59cd40-20ff-4809-8cbb-87c7cc41665c,91ca9de8-4209-49b2-b599-54191edd04c7,44.99065,3,4,,
11,P+SR,2_D.json,5dde3eac-8ee6-4821-99d4-f6e4ae5f7bd2,737faf5d-5ea2-479c-a0c3-79cac39a0558,34.35831,2,2,,
11,P+SR,2_D.json,2e919b0d-6d84-4641-a535-930a7ca6c8b7,85493301-2b33-4243-9ed3-9dcce740bccb,31.55604,1,3,,
11,P+SR,2_D.json,bee10050-f98c-456a-a684-4435ee88ef00,d66793b5-c152-473c-b665-8f9685eb9b8f,25.3456249,1,3,,
11,P+SR,2_D.json,79dc7e7b-d1c7-4237-908d-f541b20406d4,60c25164-4196-4da4-92ce-a8fdf59654e6,26.5497417,1,1,,
11,P+SR,2_D.json,b1e13b56-4030-40b3-a8c7-fbc4554e6c18,0ea75d99-d13d-47d3-8781-aa84d168c41c,25.9863453,2,4,,
11,P+SR,2_D.json,2d0b42ad-6703-463c-81b3-4ee4d0c8b347,dd16376d-5a5b-415b-add9-ee8dae1d0dc8,21.3477764,1,1,,
11,P+SR,2_D.json,7aeefa77-f398-4a26-b615-e50c4d05ba64,ad6c2896-f7bf-47d8-b564-42504985f873,30.0255375,2,2,,
11,Label,4_A.json,fe0ef0b0-c647-4b3a-b2f6-68a75133a566,73128175-89d1-40e2-92d0-fc9bbc4c4c17,76.46581,2,2,,
11,Label,4_A.json,0ebd3226-6abe-4b54-8d2f-6c4c8adc1978,784a6f34-e549-435c-876a-59861dec4009,194.956711,5,2,,
11,Label,4_A.json,7cbd6f03-54a0-426f-b4ea-d8e0ce58e276,41dd728c-9431-4796-8c36-847bf03a1c2c,58.8654022,3,3,,
11,Label,4_A.json,f548cabb-2a47-4399-a702-f76d5d1336df,cc798a3e-48d8-4f58-80a7-eda3414b1bd8,34.5113945,1,2,,
11,Label,4_A.json,e2dc0c9a-3e6f-40a4-b8c5-7289c1efe296,f7731187-14b9-44c3-9624-ad77936f95f5,19.51532,1,1,,
11,Label,4_A.json,eee4a904-a6ad-4369-970f-b656e1f59f12,edaa1ea7-a749-444a-847c-8b76b650278c,80.1904144,5,2,,
11,Label,4_A.json,81c1a60b-c8ac-4a16-b831-1df68863e61e,6e8bb2aa-c791-4fa8-ad38-a2ea7aa4fcc3,98.91836,5,3,,
11,Label,4_A.json,d58fe3c1-28a0-4e49-9e2f-e72569f6e61e,9c624169-1297-478f-95d1-e081b267b432,73.9090652,4,4,,
11,Label,4_A.json,c87d383c-41db-4303-8615-9271bbf2465e,22b9cd94-9961-4908-80e5-7ae790c5abb8,48.51194,3,2,,
11,Label,4_A.json,8aeed698-e7ee-41ef-bfe7-56f37e2232ab,10977ab4-fe46-47ca-a61d-19103a541c20,49.956852,3,3,,
11,Label,4_A.json,2369c5c0-c4bb-4308-a9cd-05a64a69f91a,edb8f6db-86af-4555-a0dd-28d938e66be1,57.2309837,2,6,,
11,Label,4_A.json,137e922c-0877-46af-a797-5a32df2edf5d,62d4aea6-f1da-4974-8e09-280b2e636a23,57.0331726,4,3,,
11,Pointing,3_C.json,b594ae95-d981-4868-ae48-3f63eb87087a,b22d3f3d-2d49-4073-9941-b419d9f92897,97.87539,2,4,,
11,Pointing,3_C.json,fd995852-c28d-49e9-97b5-9774af3241c3,9d9609a4-cb90-4ed8-a4c7-8b540a03205a,98.83795,3,6,,
11,Pointing,3_C.json,ff4748e2-cd97-45bb-bf2c-e5c9c33f78ac,a25cb870-5b82-4a6b-9798-09f4b4e218dd,32.3114243,1,3,,
11,Pointing,3_C.json,3bc363f5-3c91-4c51-8139-93034b21f3a9,9b9c31d8-342c-4d3a-b4df-a6389c3802f3,20.7450943,1,1,,
11,Pointing,3_C.json,1ff814e6-7f85-4e81-ad9f-9aababb20e6d,9b88ee1c-7ed8-48e8-b35b-4678c55b9ca7,50.8949432,2,4,,
11,Pointing,3_C.json,4e23551b-4fd6-49d6-bc2b-c11836bf2a24,8bfbb070-c4f9-4df1-8992-859ce451cc56,35.1736679,2,2,,
11,Pointing,3_C.json,7612d934-759d-4a55-9a58-ef65940b7162,36ee522e-0a3c-451f-a4ad-eff2ab05703b,52.7510872,3,3,,
11,Pointing,3_C.json,3d9e0045-08fb-4a50-b4e5-e4b24c3554c9,8dad484b-072a-409e-a323-7a6935b79565,37.71689,1,2,,
11,Pointing,3_C.json,b0e9f035-c92f-4dc6-bd0a-a10b2941f902,3b36b7ae-39e2-40e8-8d12-c378069b589d,20.490572,1,1,,
11,Pointing,3_C.json,e0153245-d5d9-449a-87f1-2a35d3239eef,ad13f54a-08a1-4bdd-b44e-49ae0116d0f6,43.6954041,2,6,,
11,Pointing,3_C.json,04f5e376-2845-485a-8cb1-c38e3858ff8a,be9976d2-a906-45a0-830a-6a6dedbc9428,34.4756241,2,4,,
11,Pointing,3_C.json,e81806f6-a4f2-4336-b77b-3407e101bc18,51d850b6-cfe3-48bd-b400-f05d52eadae5,31.2091484,2,3,,
11,SR,1_B.json,1a84f2f7-1739-41af-94ae-9a3c6677e61d,f8a254fe-2f8a-4233-80f0-6137b65f8fc0,64.08883,3,3,,
11,SR,1_B.json,386be10f-0686-4118-928d-b57f06593b2f,897a50c2-a785-492f-80aa-57a57d57e3d6,78.62865,4,4,,
11,SR,1_B.json,b3a3afee-32b8-4986-b9e8-16227e2c7bd9,026b49d0-3de3-488b-9c25-0e71b046cd47,44.73259,1,1,,
11,SR,1_B.json,25c3ccdb-26c7-4109-bcfe-730434f9caa9,5ca3abad-5a17-47e6-9518-8350c3e2c387,39.47451,1,2,,
11,SR,1_B.json,4fd86244-384f-4a69-adc8-6fd13c16422c,8a151dd6-a0b7-47f4-a0b5-93dab7ae6e84,97.34027,5,4,,
11,SR,1_B.json,19e8d0a8-02bf-4644-9732-e4190e13825e,70fd47d5-dfd9-4b89-9c2b-5b0bb78b9dfc,242.860245,3,4,,
11,SR,1_B.json,cd873fbb-fcc1-43bd-8f04-bb3b2d716af4,0a7057f8-5994-412e-8392-405dfe268235,151.129364,3,7,,
11,SR,1_B.json,95479aa7-9c98-49e4-817e-727302518dae,85710f23-0f48-450f-8ad2-044ac50c6554,77.71267,4,6,,
11,SR,1_B.json,2a7b8c63-3775-4bbf-8841-7976b4ccf32f,dcdb2375-4c07-4cc8-837b-d5f6f96fb26d,55.7783623,3,4,,
11,SR,1_B.json,4f145d76-f69f-4547-90a7-56281733ca5b,2c9e7630-8d1a-46ce-84d4-16b1834080ab,41.7536125,2,3,,
11,SR,1_B.json,fcee09b7-efa4-4e87-956e-553ee7bb3648,66619da2-e75b-4707-8cce-1536e08ae307,24.39209,1,2,,
11,SR,1_B.json,9e93766e-b621-4d6e-9927-173ac982bf3a,66c5fe23-e314-43c2-a3dd-5f9c3201badb,50.003685,3,3,,
12,Label,4_A.json,7cbd6f03-54a0-426f-b4ea-d8e0ce58e276,c2413dd2-df87-4413-9ba8-985a96de6238,79.86022,2,2,,
12,Label,4_A.json,f548cabb-2a47-4399-a702-f76d5d1336df,ccd240ee-cf0e-48cc-a761-9aea149d84b7,143.823425,4,2,,
12,Label,4_A.json,81c1a60b-c8ac-4a16-b831-1df68863e61e,1bdec576-aa8d-4831-aac3-219e570640b7,182.560791,7,3,,
12,Label,4_A.json,137e922c-0877-46af-a797-5a32df2edf5d,43a62261-0a37-439c-a75b-d569c84093ba,46.3814659,1,3,,
12,Label,4_A.json,0ebd3226-6abe-4b54-8d2f-6c4c8adc1978,3c338e15-1830-4cc2-966d-bba982084a66,40.6587524,2,2,,
12,Label,4_A.json,c87d383c-41db-4303-8615-9271bbf2465e,013eccee-081f-472f-aa47-a503a7a1fe66,39.6804047,1,2,,
12,Label,4_A.json,2369c5c0-c4bb-4308-a9cd-05a64a69f91a,d4136763-7b91-4308-a67d-4bc447054555,37.977375,1,6,,
12,Label,4_A.json,8aeed698-e7ee-41ef-bfe7-56f37e2232ab,ebabdc13-44e1-428c-9271-224cd5958010,90.11824,3,3,,
12,Label,4_A.json,e2dc0c9a-3e6f-40a4-b8c5-7289c1efe296,5f239fb3-b1de-4188-a30c-13047e96ecd5,31.6412487,2,1,,
12,Label,4_A.json,d58fe3c1-28a0-4e49-9e2f-e72569f6e61e,b80229a5-8059-4e3d-a623-9e9b2b3fc53e,37.4702225,1,4,,
12,Label,4_A.json,fe0ef0b0-c647-4b3a-b2f6-68a75133a566,d708bfeb-e45d-4588-b4a7-55888d05a27b,18.6026325,1,1,,
12,Label,4_A.json,eee4a904-a6ad-4369-970f-b656e1f59f12,8186d8de-b2ec-4562-a9db-0695e809b555,41.187027,1,2,,
12,Pointing,3_B.json,fcee09b7-efa4-4e87-956e-553ee7bb3648,073fa971-eeac-4925-a76f-204259800246,33.545948,1,2,,
12,Pointing,3_B.json,cd873fbb-fcc1-43bd-8f04-bb3b2d716af4,3c92820f-6498-4f0a-a2ef-16c9458abd18,45.8063622,2,6,,
12,Pointing,3_B.json,95479aa7-9c98-49e4-817e-727302518dae,a4e90fa1-a84b-486f-a51a-9fc6903856de,20.726881,1,3,,
12,Pointing,3_B.json,19e8d0a8-02bf-4644-9732-e4190e13825e,e72f2f55-d670-4fab-b55e-d5a33646363f,29.4045048,2,4,,
12,Pointing,3_B.json,b3a3afee-32b8-4986-b9e8-16227e2c7bd9,044fa565-1b48-4681-b60c-ee4b86b4367d,22.4515553,1,1,,
12,Pointing,3_B.json,2a7b8c63-3775-4bbf-8841-7976b4ccf32f,af56eef4-bce4-47e1-a94c-2d4d3232ca61,40.0435867,2,4,,
12,Pointing,3_B.json,1a84f2f7-1739-41af-94ae-9a3c6677e61d,1ebcd6de-373c-422c-aabb-cc187fd32970,71.63541,4,3,,
12,Pointing,3_B.json,4fd86244-384f-4a69-adc8-6fd13c16422c,1923525e-eb27-47d4-9b1c-339cf909255e,58.6179,3,3,,
12,Pointing,3_B.json,4f145d76-f69f-4547-90a7-56281733ca5b,e4094459-e638-41e8-aa69-7c43bb6e3018,42.00311,2,2,,
12,Pointing,3_B.json,386be10f-0686-4118-928d-b57f06593b2f,266b14e4-91eb-4404-91c2-1d8ec57fb04c,54.5424423,3,3,,
12,Pointing,3_B.json,25c3ccdb-26c7-4109-bcfe-730434f9caa9,47177575-75f9-4daa-a7f1-41a6c7b52454,22.677042,1,2,,
12,Pointing,3_B.json,9e93766e-b621-4d6e-9927-173ac982bf3a,85a7fe28-acf5-47f3-be84-d8d500fc9ef1,34.792347,2,2,,
12,SR,1_D.json,2d0b42ad-6703-463c-81b3-4ee4d0c8b347,a3baab35-3e1c-4102-824b-211d0dc871d2,32.7313232,1,1,,
12,SR,1_D.json,bee10050-f98c-456a-a684-4435ee88ef00,844e2ff2-eb98-4db8-895d-87cc8c225f87,149.36937,2,3,,
12,SR,1_D.json,c78550a2-290e-4b94-98db-961c2110c668,23b3f1d0-7432-4265-9f0d-48caa36ce3a8,80.22805,2,4,,
12,SR,1_D.json,40573e58-0087-4bb3-9ed7-d18a24a35b78,f0c98faf-a794-43aa-8efd-ff147b72ca37,235.275,2,10,,
12,SR,1_D.json,b1e13b56-4030-40b3-a8c7-fbc4554e6c18,ab90ee82-2f26-437b-af43-634fc69ac917,207.92926,4,3,,
12,SR,1_D.json,7aeefa77-f398-4a26-b615-e50c4d05ba64,54b3235b-3bee-48c6-a881-e6e3d84d7370,174.739655,5,2,,
12,SR,1_D.json,09ff7f59-f6d6-4c54-9955-f1b4bfd11225,526cf029-7755-4acc-9299-3ccce0dbe8f0,134.838547,1,1,,
12,SR,1_D.json,2e919b0d-6d84-4641-a535-930a7ca6c8b7,c988fd61-7370-4900-9ad5-f0fa13978fb6,133.856979,3,3,,
12,SR,1_D.json,79dc7e7b-d1c7-4237-908d-f541b20406d4,e7549dbb-196d-44e4-a459-d41c06c272b1,81.71896,2,1,,
12,SR,1_D.json,ae59cd40-20ff-4809-8cbb-87c7cc41665c,1da4400b-019e-484e-8ac6-67a1c911c42d,95.3121643,2,4,,
12,SR,1_D.json,5dde3eac-8ee6-4821-99d4-f6e4ae5f7bd2,4350f759-9e36-45ea-8d23-0bbe2916ce3d,98.30206,3,3,,
12,P+SR,2_C.json,ff4748e2-cd97-45bb-bf2c-e5c9c33f78ac,e4e790ba-4aac-40d4-a3ca-d6a7e3214fa0,34.049675,1,3,,
12,P+SR,2_C.json,3bc363f5-3c91-4c51-8139-93034b21f3a9,c543d9f6-1a9b-467b-9a0c-b55f65779b0f,52.9558258,1,1,,
12,P+SR,2_C.json,7612d934-759d-4a55-9a58-ef65940b7162,5d901eaf-7de4-4836-a696-dc9e8baea779,41.7490044,1,3,,
12,P+SR,2_C.json,e81806f6-a4f2-4336-b77b-3407e101bc18,b5b15014-89f9-4614-9c53-1a0710cac1de,26.58157,1,3,,
12,P+SR,2_C.json,fd995852-c28d-49e9-97b5-9774af3241c3,07469330-161b-41ad-9f96-018aa9a13d5b,53.9204636,3,6,,
12,P+SR,2_C.json,b0e9f035-c92f-4dc6-bd0a-a10b2941f902,169b1549-ccfe-495f-b312-5a97dde78165,46.36486,1,1,,
12,P+SR,2_C.json,04f5e376-2845-485a-8cb1-c38e3858ff8a,a56e58d8-db7d-41e9-847f-b7c97a1070c3,52.94804,1,4,,
12,P+SR,2_C.json,e0153245-d5d9-449a-87f1-2a35d3239eef,cf889160-a372-4328-8e3d-97a59ae4dc1c,32.9773636,1,6,,
12,P+SR,2_C.json,1ff814e6-7f85-4e81-ad9f-9aababb20e6d,a202a9c9-d05d-494f-8aae-5073b1590ad6,79.59707,2,4,,
12,P+SR,2_C.json,3d9e0045-08fb-4a50-b4e5-e4b24c3554c9,fcb969cf-e3a8-4406-9d4b-6d0a9efa0d19,21.849966,1,2,,
12,P+SR,2_C.json,b594ae95-d981-4868-ae48-3f63eb87087a,77ffeb2e-56ac-45c2-b7e1-0fd38f036eb1,25.0977974,1,4,,
12,P+SR,2_C.json,4e23551b-4fd6-49d6-bc2b-c11836bf2a24,94a0e22f-be2d-4ea4-8761-ac16ea64eb37,62.1901,3,2,,
13,Label,4_C.json,b594ae95-d981-4868-ae48-3f63eb87087a,1bbdb9d7-53ea-4432-9184-357f878346fb,140.347443,4,4,,
13,Label,4_C.json,3d9e0045-08fb-4a50-b4e5-e4b24c3554c9,296bcaeb-ae63-4b25-8d21-c26a8087b9ee,70.8556747,1,2,,
13,Label,4_C.json,7612d934-759d-4a55-9a58-ef65940b7162,bda3f373-f2a8-4000-aa65-2d89d0a09e44,59.0212822,3,3,,
13,Label,4_C.json,1ff814e6-7f85-4e81-ad9f-9aababb20e6d,d1c70561-1a47-4be2-99d1-348fc52f9984,93.90537,4,4,,
13,Label,4_C.json,e81806f6-a4f2-4336-b77b-3407e101bc18,392beab8-7bb5-48d3-8865-4c846fe8c708,105.800957,5,3,,
13,Label,4_C.json,e0153245-d5d9-449a-87f1-2a35d3239eef,eede0424-debc-404e-a6a1-59d0509ad01d,90.78726,2,6,,
13,Label,4_C.json,ff4748e2-cd97-45bb-bf2c-e5c9c33f78ac,76a8e1c6-19ff-4640-9554-1fa5d2838ece,26.5398769,1,3,,
13,Label,4_C.json,04f5e376-2845-485a-8cb1-c38e3858ff8a,af8b3d39-5dab-4b6b-a71d-2d522bd9a8ee,44.9112053,2,4,,
13,Label,4_C.json,fd995852-c28d-49e9-97b5-9774af3241c3,b7732ae2-ca1e-4b3d-b653-cb2727976b84,107.742485,5,6,,
13,Label,4_C.json,b0e9f035-c92f-4dc6-bd0a-a10b2941f902,a0a9f1db-cda7-47f8-91f1-8afd79c97d54,29.5866337,1,1,,
13,Label,4_C.json,4e23551b-4fd6-49d6-bc2b-c11836bf2a24,10933754-bc4d-405d-af46-21956faa8542,83.66895,3,3,,
13,Label,4_C.json,3bc363f5-3c91-4c51-8139-93034b21f3a9,d278de5c-fc22-4a07-a163-0fa4e78384af,29.6899452,1,1,,
13,P+SR,2_D.json,40573e58-0087-4bb3-9ed7-d18a24a35b78,8a6d8f09-23fa-4f14-839d-e225593d6afb,119.530083,1,9,,
13,P+SR,2_D.json,bee10050-f98c-456a-a684-4435ee88ef00,5c96dc96-f55b-4310-92c0-91b0cc194503,79.48905,1,3,,
13,P+SR,2_D.json,2e919b0d-6d84-4641-a535-930a7ca6c8b7,32f90a17-edc6-4c47-b6c7-225aa4f431d8,60.8537445,1,3,,
13,P+SR,2_D.json,ae59cd40-20ff-4809-8cbb-87c7cc41665c,a6ab7ee9-802d-4a12-9fb7-ad38295ac9fd,60.9762421,1,4,,
13,P+SR,2_D.json,7aeefa77-f398-4a26-b615-e50c4d05ba64,1deb353f-dae6-4ae0-b4ce-c2309f0730bc,74.75196,1,2,,
13,P+SR,2_D.json,b1e13b56-4030-40b3-a8c7-fbc4554e6c18,cdaab5b2-1a18-4b13-8f46-3cf469e7851a,68.97535,1,4,,
13,P+SR,2_D.json,fdf65cab-a9a0-4e5f-ac35-c3cff2196644,75020e89-5485-44db-a654-f8cd3304a5e7,38.7444229,1,4,,
13,P+SR,2_D.json,2d0b42ad-6703-463c-81b3-4ee4d0c8b347,8463def9-4327-464f-8e0c-b353175a81ec,61.84543,1,1,,
13,P+SR,2_D.json,c78550a2-290e-4b94-98db-961c2110c668,6c92e820-c734-4457-a1ac-1492997f59cc,39.3822174,1,4,,
13,P+SR,2_D.json,79dc7e7b-d1c7-4237-908d-f541b20406d4,e1d21fd9-561c-441d-b34e-0ab19273715b,26.6808071,1,1,,
13,P+SR,2_D.json,5dde3eac-8ee6-4821-99d4-f6e4ae5f7bd2,4740cb7c-463b-434f-b592-b41708aa20ff,55.71344,1,2,,
13,P+SR,2_D.json,09ff7f59-f6d6-4c54-9955-f1b4bfd11225,40613a6e-c7a9-47c9-a6ca-fabcb040a039,44.3558235,1,3,,
13,Pointing,3_A.json,fe0ef0b0-c647-4b3a-b2f6-68a75133a566,952e196c-3502-4686-b5e2-ebfa4b397a45,58.438385,1,1,,
13,Pointing,3_A.json,d58fe3c1-28a0-4e49-9e2f-e72569f6e61e,37c4ecd3-0e64-42d6-afad-21b2ee88a1c6,88.26167,3,4,,
13,Pointing,3_A.json,81c1a60b-c8ac-4a16-b831-1df68863e61e,3fabc304-439a-4fd3-a434-39e7cc14ddb4,79.28168,3,3,,
13,Pointing,3_A.json,e2dc0c9a-3e6f-40a4-b8c5-7289c1efe296,4cab1394-8916-4413-a7d4-bc2a7537b40c,28.5207138,1,1,,
13,Pointing,3_A.json,137e922c-0877-46af-a797-5a32df2edf5d,a428906d-0258-451e-9554-eb15f0f68446,81.53101,3,3,,
13,Pointing,3_A.json,8aeed698-e7ee-41ef-bfe7-56f37e2232ab,4df65ac6-b7d9-4f7e-b328-b36b1b4f2a88,97.68423,3,3,,
13,Pointing,3_A.json,7cbd6f03-54a0-426f-b4ea-d8e0ce58e276,53840042-6b8a-4cf3-93dc-349973f7a3a4,40.26937,1,2,,
13,Pointing,3_A.json,2369c5c0-c4bb-4308-a9cd-05a64a69f91a,3ece25e6-1819-4568-9d8f-cfd1579da3b0,74.94768,2,6,,
13,Pointing,3_A.json,0ebd3226-6abe-4b54-8d2f-6c4c8adc1978,3977472b-d0a9-4336-a20c-f1111739d59e,38.75392,2,2,,
13,Pointing,3_A.json,c87d383c-41db-4303-8615-9271bbf2465e,bf346a50-6954-4600-9145-d180b2d79762,52.9181976,2,2,,
13,Pointing,3_A.json,eee4a904-a6ad-4369-970f-b656e1f59f12,7bba0c76-d30a-427e-9a72-31ebf89bedc8,41.66402,2,2,,
13,Pointing,3_A.json,f548cabb-2a47-4399-a702-f76d5d1336df,25f9c9ae-d4f0-4091-8263-5672aa3b7977,34.0765457,1,2,,
13,SR,1_B.json,1a84f2f7-1739-41af-94ae-9a3c6677e61d,2a318333-87af-4afa-90e0-0aa9cde9710e,62.6025162,1,3,,
13,SR,1_B.json,386be10f-0686-4118-928d-b57f06593b2f,8e5142eb-8416-40d7-a5a4-6a8674084143,152.570572,2,3,,
13,SR,1_B.json,b3a3afee-32b8-4986-b9e8-16227e2c7bd9,3d87cd84-3f75-4b2e-a6c0-e62dfdf66966,348.812225,4,1,,
13,SR,1_B.json,25c3ccdb-26c7-4109-bcfe-730434f9caa9,83de1609-0cb5-434b-a0a8-9cede7774b98,159.822174,2,2,,
13,SR,1_B.json,4fd86244-384f-4a69-adc8-6fd13c16422c,ec64f8fd-6a8f-409b-8ae7-e4d6d8739a31,329.857849,5,3,,
13,SR,1_B.json,19e8d0a8-02bf-4644-9732-e4190e13825e,9a4ef7ab-7b8c-409b-87e1-ce5e98964214,238.5165,4,4,,
13,SR,1_B.json,cd873fbb-fcc1-43bd-8f04-bb3b2d716af4,54610f39-c200-4776-9466-07f2096542a6,289.322876,1,6,,
13,SR,1_B.json,95479aa7-9c98-49e4-817e-727302518dae,9e8eacdb-572e-4e73-94c2-253301708d23,199.344757,3,4,,
13,SR,1_B.json,2a7b8c63-3775-4bbf-8841-7976b4ccf32f,16186742-db6f-4b44-8aaf-f74a74259e7f,235.892532,2,5,,
13,SR,1_B.json,4f145d76-f69f-4547-90a7-56281733ca5b,5197d82d-dd2d-4eb5-8afc-98638dfabd5b,45.52027,1,2,,
13,SR,1_B.json,fcee09b7-efa4-4e87-956e-553ee7bb3648,db7f02e3-f81c-4532-8199-074c8f468d59,39.7584038,1,2,,
13,SR,1_B.json,9e93766e-b621-4d6e-9927-173ac982bf3a,c4c6c694-b31e-40c4-9113-915adf7d012c,84.12878,2,2,,
14,P+SR,2_A.json,eee4a904-a6ad-4369-970f-b656e1f59f12,720176f2-3216-4597-930c-f190560944ee,100.597847,1,2,,
14,P+SR,2_A.json,fe0ef0b0-c647-4b3a-b2f6-68a75133a566,0434a0e1-8674-4c70-b8ab-c4e013402e3e,27.1963673,1,1,,
14,P+SR,2_A.json,f548cabb-2a47-4399-a702-f76d5d1336df,3b6b4b5b-0e3a-41db-9840-e1e513075de9,30.1190357,1,2,,
14,P+SR,2_A.json,81c1a60b-c8ac-4a16-b831-1df68863e61e,ce9f6c14-648d-4f25-840b-d4fe6560e401,40.10807,1,1,,
14,P+SR,2_A.json,0ebd3226-6abe-4b54-8d2f-6c4c8adc1978,3b27c48b-aa39-44b8-acf1-3d559e514cff,30.5592213,1,2,,
14,P+SR,2_A.json,d58fe3c1-28a0-4e49-9e2f-e72569f6e61e,bfe6bb43-bd8a-4bb0-bf1d-1ade1f12a67d,170.529068,5,4,,
14,P+SR,2_A.json,e2dc0c9a-3e6f-40a4-b8c5-7289c1efe296,67bf565e-52ce-492f-ae20-9d2fa3794112,18.8341389,1,1,,
14,P+SR,2_A.json,c87d383c-41db-4303-8615-9271bbf2465e,eaf95836-de36-4d3d-ba14-b103867dc14e,55.9302864,2,2,,
14,P+SR,2_A.json,8aeed698-e7ee-41ef-bfe7-56f37e2232ab,2abad391-b7d9-4c5b-93aa-000735ca9e6e,34.063694,1,3,,
14,P+SR,2_A.json,137e922c-0877-46af-a797-5a32df2edf5d,a13d6899-37d2-4ab0-8669-c5dea89e81c9,71.0810547,3,3,,
14,P+SR,2_A.json,7cbd6f03-54a0-426f-b4ea-d8e0ce58e276,41270fec-6629-4a62-ac30-44382953a246,42.60386,2,2,,
14,P+SR,2_A.json,2369c5c0-c4bb-4308-a9cd-05a64a69f91a,7c2c5bb6-d893-4e74-a6a4-1d12d3ca1372,36.47168,1,6,,
14,Label,4_C.json,4e23551b-4fd6-49d6-bc2b-c11836bf2a24,6ab2a3f6-0fb9-44f9-bc81-2d92564e9136,51.9151764,3,2,,
14,Label,4_C.json,b594ae95-d981-4868-ae48-3f63eb87087a,3b8f84da-666f-44e3-95ff-9a00d4ced345,23.0088444,1,4,,
14,Label,4_C.json,3bc363f5-3c91-4c51-8139-93034b21f3a9,f4169b56-6cd5-4c30-bccf-572359bc0953,57.58491,3,1,,
14,Label,4_C.json,7612d934-759d-4a55-9a58-ef65940b7162,fe4ab736-4155-4639-a0c9-ef6c33ab4a9b,24.0278473,1,3,,
14,Label,4_C.json,fd995852-c28d-49e9-97b5-9774af3241c3,847b0740-bd9f-4eb8-a6a8-662b134a1257,145.150848,4,7,,
14,Label,4_C.json,3d9e0045-08fb-4a50-b4e5-e4b24c3554c9,0e5c9fe9-a1e6-4818-916b-030bac798fcb,18.6438885,1,2,,
14,Label,4_C.json,1ff814e6-7f85-4e81-ad9f-9aababb20e6d,7d0dbc12-efbd-42c9-abc5-461056ec7b8a,186.325256,9,4,,
14,Label,4_C.json,b0e9f035-c92f-4dc6-bd0a-a10b2941f902,c65a387f-c168-4a09-b1cf-1d8a031b6236,14.0591888,1,1,,
14,Label,4_C.json,e0153245-d5d9-449a-87f1-2a35d3239eef,ac90df7a-594b-4a59-90fe-227b5c923bda,33.5753441,1,6,,
14,Label,4_C.json,e81806f6-a4f2-4336-b77b-3407e101bc18,6b449ca8-60b4-4826-a275-ea30d6b8a00e,34.432373,1,3,,
14,Label,4_C.json,ff4748e2-cd97-45bb-bf2c-e5c9c33f78ac,f6bef778-4e86-4870-8378-5bf0d814fdc6,15.3291969,1,3,,
14,Label,4_C.json,04f5e376-2845-485a-8cb1-c38e3858ff8a,63b83e4c-46ad-48b8-a20e-0b6d6868ddba,56.605587,2,7,,
14,Pointing,3_B.json,9e93766e-b621-4d6e-9927-173ac982bf3a,c6b29d08-8999-4e2f-89df-9029283e7e8a,34.63483,2,2,,
14,Pointing,3_B.json,25c3ccdb-26c7-4109-bcfe-730434f9caa9,fe43f1e7-ff13-4b85-a96a-8358cd71faf6,27.66438,1,2,,
14,Pointing,3_B.json,cd873fbb-fcc1-43bd-8f04-bb3b2d716af4,54f887c8-3bde-4e01-919d-a8abefff9f1b,35.1823654,2,6,,
14,Pointing,3_B.json,95479aa7-9c98-49e4-817e-727302518dae,a17bd59b-6088-4845-9eed-21cab46a05ec,13.0519724,1,3,,
14,Pointing,3_B.json,b3a3afee-32b8-4986-b9e8-16227e2c7bd9,679a9f62-627a-4fae-b2ce-5ff9dfc0c04a,11.2460613,1,1,,
14,Pointing,3_B.json,386be10f-0686-4118-928d-b57f06593b2f,0aa4fde6-71e9-4c0c-8d8c-2173132ff8d5,27.0212173,2,3,,
14,Pointing,3_B.json,4f145d76-f69f-4547-90a7-56281733ca5b,d912c1a2-95b6-475f-841d-00c7231f386f,22.1702137,2,2,,
14,Pointing,3_B.json,2a7b8c63-3775-4bbf-8841-7976b4ccf32f,6dd60f87-7689-48b7-8909-b1f5d2daf9d3,34.4443626,2,4,,
14,Pointing,3_B.json,4fd86244-384f-4a69-adc8-6fd13c16422c,61cbfca9-51ea-4f32-81ec-07a762ab5ff0,48.4562721,4,3,,
14,Pointing,3_B.json,19e8d0a8-02bf-4644-9732-e4190e13825e,1aeefeeb-5def-46ec-90b2-1c9525ece2c3,22.3042622,2,4,,
14,Pointing,3_B.json,fcee09b7-efa4-4e87-956e-553ee7bb3648,c1cc50f0-e68b-4eb8-9920-2cf870b176be,12.1850758,1,2,,
14,Pointing,3_B.json,1a84f2f7-1739-41af-94ae-9a3c6677e61d,3133f526-a42f-4cf2-a018-9e6e24dab89a,17.38456,2,3,,
14,SR,1_D.json,2d0b42ad-6703-463c-81b3-4ee4d0c8b347,dc42e154-d97f-430e-b37f-9905ec43b61b,41.7676277,1,1,,
14,SR,1_D.json,bee10050-f98c-456a-a684-4435ee88ef00,01641862-6256-4215-9f5c-e9a385c53181,66.66119,4,3,,
14,SR,1_D.json,c78550a2-290e-4b94-98db-961c2110c668,e2c983a6-1131-4403-af00-dff35444ed1c,84.92883,6,4,,
14,SR,1_D.json,40573e58-0087-4bb3-9ed7-d18a24a35b78,e7e4f821-aae2-4618-ba09-9a1996c1be9a,147.7704,6,9,,
14,SR,1_D.json,b1e13b56-4030-40b3-a8c7-fbc4554e6c18,84ba4db9-6b2f-4773-96ea-f7de4c36d9f5,93.83972,5,4,,
14,SR,1_D.json,7aeefa77-f398-4a26-b615-e50c4d05ba64,47aea52d-f729-4c64-b365-8974632a396e,70.22119,4,2,,
14,SR,1_D.json,09ff7f59-f6d6-4c54-9955-f1b4bfd11225,c6faa77b-63c5-4c12-8f7c-a78ada95cd64,146.6066,10,3,,
14,SR,1_D.json,2e919b0d-6d84-4641-a535-930a7ca6c8b7,4978e080-f8ec-4d82-a39c-e880adf75e47,50.1559563,3,3,,
14,SR,1_D.json,79dc7e7b-d1c7-4237-908d-f541b20406d4,3025e5b6-4f09-4e0c-8262-65c6373a4c41,18.046587,1,1,,
14,SR,1_D.json,ae59cd40-20ff-4809-8cbb-87c7cc41665c,5828c425-375d-4c95-8bd1-58b19a6b5d54,82.49326,3,4,,
14,SR,1_D.json,fdf65cab-a9a0-4e5f-ac35-c3cff2196644,858ef1ea-555c-4db6-9d3b-5a3422257bf8,40.8471146,2,5,,
14,SR,1_D.json,5dde3eac-8ee6-4821-99d4-f6e4ae5f7bd2,4009883d-8938-4d6c-91ec-e65cb7f3fac0,94.18043,3,3,,
15,Label,4_A.json,d58fe3c1-28a0-4e49-9e2f-e72569f6e61e,f375acf6-525a-4542-9fcc-709b7adf6dad,101.794876,3,4,,
15,Label,4_A.json,2369c5c0-c4bb-4308-a9cd-05a64a69f91a,f7f83574-e6cc-47ee-b597-27f8b9db680f,54.9567,2,6,,
15,Label,4_A.json,e2dc0c9a-3e6f-40a4-b8c5-7289c1efe296,c1d38366-e680-4d3e-a104-3566e5fffd2d,36.4262924,1,1,,
15,Label,4_A.json,137e922c-0877-46af-a797-5a32df2edf5d,46a184a9-d4f1-4317-ad63-95f1d7b6adfb,73.21655,1,3,,
15,Label,4_A.json,c87d383c-41db-4303-8615-9271bbf2465e,9c42b31d-2a66-490e-9364-81f5e24cbae5,231.0661,5,3,,
15,Label,4_A.json,fe0ef0b0-c647-4b3a-b2f6-68a75133a566,42651287-8fab-476c-968e-88f7d8c5e891,54.66474,2,1,,
15,Label,4_A.json,8aeed698-e7ee-41ef-bfe7-56f37e2232ab,3b06feee-8120-40a4-a52e-39524a595577,107.794342,2,3,,
15,Label,4_A.json,81c1a60b-c8ac-4a16-b831-1df68863e61e,f06c769e-c112-4a71-aed6-15c9f725e733,210.319824,5,3,,
15,Label,4_A.json,eee4a904-a6ad-4369-970f-b656e1f59f12,5395cb30-22e6-48fc-8bfc-8165df8c5bf8,35.3296738,2,2,,
15,Label,4_A.json,7cbd6f03-54a0-426f-b4ea-d8e0ce58e276,052e3ce8-69c1-4409-b0bc-55263a5752f6,36.9074135,1,2,,
15,Label,4_A.json,0ebd3226-6abe-4b54-8d2f-6c4c8adc1978,9a48aa36-0e3d-45d8-b2de-c7e34e33d4c8,38.4843559,2,2,,
15,Label,4_A.json,f548cabb-2a47-4399-a702-f76d5d1336df,33335ed0-3ff1-4ef6-8d21-3ab4f52eca97,42.76436,1,2,,
15,Pointing,3_B.json,386be10f-0686-4118-928d-b57f06593b2f,594f1d3e-1414-4f45-b60c-e4929e6a798c,40.4982529,2,3,,
15,Pointing,3_B.json,1a84f2f7-1739-41af-94ae-9a3c6677e61d,6425de31-469f-4b83-8b25-dcee00a4362d,58.2404976,2,3,,
15,Pointing,3_B.json,4f145d76-f69f-4547-90a7-56281733ca5b,fcd323a4-ee04-4d6d-8e10-166def411355,33.7529144,2,2,,
15,Pointing,3_B.json,19e8d0a8-02bf-4644-9732-e4190e13825e,fe8bf765-5680-46ea-9bec-a7c274d616c0,54.7795258,2,4,,
15,Pointing,3_B.json,2a7b8c63-3775-4bbf-8841-7976b4ccf32f,f2866e12-7c86-4f08-b9d1-63d05b5b0ea4,88.67832,2,4,,
15,Pointing,3_B.json,25c3ccdb-26c7-4109-bcfe-730434f9caa9,e2b674af-4714-42ff-acb1-baf4bfc07bc0,36.365,1,2,,
15,Pointing,3_B.json,4fd86244-384f-4a69-adc8-6fd13c16422c,79164a9b-8fbe-4d72-8e48-b972483a6444,75.0622559,3,3,,
15,Pointing,3_B.json,95479aa7-9c98-49e4-817e-727302518dae,bec68d05-1b93-4fc3-81e5-98c75085534f,23.9037685,1,3,,
15,Pointing,3_B.json,9e93766e-b621-4d6e-9927-173ac982bf3a,198f4105-0f39-4486-a563-8b78feb615c9,52.6742744,2,2,,
15,Pointing,3_B.json,fcee09b7-efa4-4e87-956e-553ee7bb3648,016531ef-c353-47fe-b22b-eddc6cf0e081,33.8819466,1,2,,
15,Pointing,3_B.json,b3a3afee-32b8-4986-b9e8-16227e2c7bd9,32a14d26-d3ac-4e04-b44b-fd2ee40fa8b4,32.624794,1,1,,
15,Pointing,3_B.json,cd873fbb-fcc1-43bd-8f04-bb3b2d716af4,5d0c7a35-0dd6-4190-89a7-35ab6f97b2bf,103.523079,4,9,,
15,SR,1_D.json,2d0b42ad-6703-463c-81b3-4ee4d0c8b347,357c6b95-8b3e-4e92-bf71-2dc13b2728be,62.1045876,1,1,,
15,SR,1_D.json,bee10050-f98c-456a-a684-4435ee88ef00,a3f46978-dfb0-44ab-a8cc-c180fcd1a0bc,84.9104156,3,3,,
15,SR,1_D.json,c78550a2-290e-4b94-98db-961c2110c668,7ea88ae3-907a-4152-8914-249961fc175f,76.4325943,3,5,,
15,SR,1_D.json,40573e58-0087-4bb3-9ed7-d18a24a35b78,1ed31775-4b8b-4ab2-8b50-64133b343ee6,93.36344,3,9,,
15,SR,1_D.json,b1e13b56-4030-40b3-a8c7-fbc4554e6c18,1d4910a4-898c-4bd4-801a-f380ff370d1b,93.74013,5,5,,
15,SR,1_D.json,7aeefa77-f398-4a26-b615-e50c4d05ba64,72cba847-ef31-4e2e-91e7-667e329d1776,35.11437,2,2,,
15,SR,1_D.json,09ff7f59-f6d6-4c54-9955-f1b4bfd11225,c26833a0-7f3d-4523-b696-16a348ad37f2,54.5577278,2,4,,
15,SR,1_D.json,2e919b0d-6d84-4641-a535-930a7ca6c8b7,90bac169-b67b-4169-8d05-e022a7412e2a,63.8292465,2,3,,
15,SR,1_D.json,79dc7e7b-d1c7-4237-908d-f541b20406d4,70424b40-2548-4a26-9db8-3fdc135a77b7,44.2445641,1,1,,
15,SR,1_D.json,ae59cd40-20ff-4809-8cbb-87c7cc41665c,744af43c-0b1f-429f-a014-143098e8c777,95.40666,1,4,,
15,SR,1_D.json,fdf65cab-a9a0-4e5f-ac35-c3cff2196644,4c05b48e-5cba-43f3-8f14-46d94920c2d3,214.670685,4,6,,
15,SR,1_D.json,5dde3eac-8ee6-4821-99d4-f6e4ae5f7bd2,1b94e188-b1f3-4db2-bf26-ad0436039403,106.917648,2,2,,
15,P+SR,2_C.json,3d9e0045-08fb-4a50-b4e5-e4b24c3554c9,df4b96eb-f04f-44de-8f10-748e5198f68c,58.4215164,1,2,,
15,P+SR,2_C.json,04f5e376-2845-485a-8cb1-c38e3858ff8a,5252f9da-3173-41db-ab28-fd76103612cf,54.13763,2,4,,
15,P+SR,2_C.json,1ff814e6-7f85-4e81-ad9f-9aababb20e6d,bbbed0ab-42fa-4b1a-9c5c-be18ea580d21,43.1731758,1,4,,
15,P+SR,2_C.json,e81806f6-a4f2-4336-b77b-3407e101bc18,3f79675e-6b5f-4f36-b4e0-407569647827,25.9351,1,3,,
15,P+SR,2_C.json,b0e9f035-c92f-4dc6-bd0a-a10b2941f902,f98c9ac0-c443-4d78-860e-e476a9deb04d,18.7584038,1,1,,
15,P+SR,2_C.json,b594ae95-d981-4868-ae48-3f63eb87087a,f45692b1-6330-4e94-9ab2-64e99e44ff53,45.53672,2,4,,
15,P+SR,2_C.json,e0153245-d5d9-449a-87f1-2a35d3239eef,c417efc1-d636-47a2-86bf-8c72f485d9a9,69.55942,2,6,,
15,P+SR,2_C.json,7612d934-759d-4a55-9a58-ef65940b7162,994839ad-9477-4cbe-ab10-9685742f79ea,27.4590836,1,3,,
15,P+SR,2_C.json,4e23551b-4fd6-49d6-bc2b-c11836bf2a24,2c0f60dd-6047-44f1-87ea-ecba066364d9,48.7723045,1,2,,
15,P+SR,2_C.json,ff4748e2-cd97-45bb-bf2c-e5c9c33f78ac,e863c290-8272-4c21-84d6-adf15a06f897,30.6584835,1,3,,
15,P+SR,2_C.json,fd995852-c28d-49e9-97b5-9774af3241c3,9b6282a3-47f5-4851-9c86-634116e288e4,124.545082,4,6,,
15,P+SR,2_C.json,3bc363f5-3c91-4c51-8139-93034b21f3a9,e8b869e1-789f-46ea-a58f-b07f14923d21,15.7856884,1,1,,
16,Label,4_C.json,4e23551b-4fd6-49d6-bc2b-c11836bf2a24,1b3f10fe-c4a8-46c5-80d6-68674dcb5fa1,162.297012,4,2,,
16,Label,4_C.json,e0153245-d5d9-449a-87f1-2a35d3239eef,6fdf0cbd-a1f4-4d9f-85bd-4272ba0a3c1b,43.8471069,1,6,,
16,Label,4_C.json,ff4748e2-cd97-45bb-bf2c-e5c9c33f78ac,2a0ad5dd-2af7-43cf-899f-cccf14bed53c,40.8077164,2,3,,
16,Label,4_C.json,3bc363f5-3c91-4c51-8139-93034b21f3a9,690f6275-e9d0-41bd-8934-b7f6497c79bc,36.0058632,2,1,,
16,Label,4_C.json,fd995852-c28d-49e9-97b5-9774af3241c3,17014397-aca8-426c-bc38-d43362dc28a3,62.8900337,2,6,,
16,Label,4_C.json,04f5e376-2845-485a-8cb1-c38e3858ff8a,592f9a68-b172-4d77-a382-47f6b0e6fa6a,32.9108353,1,4,,
16,Label,4_C.json,7612d934-759d-4a55-9a58-ef65940b7162,779955ba-3313-41bb-a862-7b0667aab7c2,41.76491,1,3,,
16,Label,4_C.json,b594ae95-d981-4868-ae48-3f63eb87087a,07431076-ef0e-44ef-9788-c0b5250b596b,30.3338718,1,4,,
16,Label,4_C.json,b0e9f035-c92f-4dc6-bd0a-a10b2941f902,958ee4f1-d203-4d75-bc5a-ca4a54fc7d0c,16.7100754,1,1,,
16,Label,4_C.json,1ff814e6-7f85-4e81-ad9f-9aababb20e6d,c17100e4-e6b4-4cef-9b8c-b400e97bab71,63.35493,2,4,,
16,Label,4_C.json,e81806f6-a4f2-4336-b77b-3407e101bc18,c0d5c44f-3a92-4f4a-828a-f59e158fa962,56.23428,5,3,,
16,Label,4_C.json,3d9e0045-08fb-4a50-b4e5-e4b24c3554c9,164fe4de-720a-4537-9ee1-f064ad2b80eb,18.6577644,1,2,,
16,P+SR,2_D.json,5dde3eac-8ee6-4821-99d4-f6e4ae5f7bd2,c02214af-f39b-4aa8-a270-095d2063256e,38.7940025,2,2,,
16,P+SR,2_D.json,b1e13b56-4030-40b3-a8c7-fbc4554e6c18,b23d1763-4d7a-4095-9128-b6d2b57a1b94,24.2745552,1,4,,
16,P+SR,2_D.json,fdf65cab-a9a0-4e5f-ac35-c3cff2196644,98a94dc0-beaf-48a0-852d-bbbd838724e4,20.4905243,1,4,,
16,P+SR,2_D.json,09ff7f59-f6d6-4c54-9955-f1b4bfd11225,0f4d2d15-e8b4-4252-8366-25c73265626b,16.8637257,1,3,,
16,P+SR,2_D.json,c78550a2-290e-4b94-98db-961c2110c668,4323103f-d973-4e82-abd4-29a545ea7bd4,22.0253334,1,4,,
16,P+SR,2_D.json,2d0b42ad-6703-463c-81b3-4ee4d0c8b347,4bdc51d4-a563-43cd-81b5-e429be825ffb,17.6236839,1,1,,
16,P+SR,2_D.json,2e919b0d-6d84-4641-a535-930a7ca6c8b7,847c55b2-b822-4b4d-a54a-209cd10b1528,27.18477,1,3,,
16,P+SR,2_D.json,40573e58-0087-4bb3-9ed7-d18a24a35b78,c66b0474-502c-4d06-9d58-8343ca99e19f,38.9160423,1,9,,
16,P+SR,2_D.json,79dc7e7b-d1c7-4237-908d-f541b20406d4,b7443547-abd0-4da8-9bab-8e3766f2c37a,17.232399,1,1,,
16,P+SR,2_D.json,ae59cd40-20ff-4809-8cbb-87c7cc41665c,08de2c30-6c1c-49b6-9a41-cf567642ba55,31.6227131,3,5,,
16,P+SR,2_D.json,7aeefa77-f398-4a26-b615-e50c4d05ba64,e45e9c0b-30bc-4fdd-8d1b-5458fd322ec6,20.5153828,1,2,,
16,P+SR,2_D.json,bee10050-f98c-456a-a684-4435ee88ef00,df0a7bf2-ee73-468f-b0ba-d8395bd5a1ad,33.69356,1,3,,
16,Pointing,3_A.json,eee4a904-a6ad-4369-970f-b656e1f59f12,0a7eecfb-bfb3-4f63-b330-6edec979dec3,23.064764,2,2,,
16,Pointing,3_A.json,8aeed698-e7ee-41ef-bfe7-56f37e2232ab,884d2f05-1e39-4358-81fe-3e842fd14ca9,35.9795952,2,3,,
16,Pointing,3_A.json,7cbd6f03-54a0-426f-b4ea-d8e0ce58e276,ea34516c-2f95-46e3-86d1-8a9f591e80f6,27.3171158,1,2,,
16,Pointing,3_A.json,f548cabb-2a47-4399-a702-f76d5d1336df,bfe5eb5a-3b1b-46a3-878e-bd3804fe65de,16.1437168,1,2,,
16,Pointing,3_A.json,0ebd3226-6abe-4b54-8d2f-6c4c8adc1978,38adbbb3-9317-401b-a6cb-210618bd34eb,78.08971,3,2,,
16,Pointing,3_A.json,2369c5c0-c4bb-4308-a9cd-05a64a69f91a,815213d6-8cec-4825-a1de-f86ec4c61e6c,25.2518711,2,6,,
16,Pointing,3_A.json,81c1a60b-c8ac-4a16-b831-1df68863e61e,002b158a-4b04-41ea-a744-7337c46f5a3f,28.0042229,2,3,,
16,Pointing,3_A.json,fe0ef0b0-c647-4b3a-b2f6-68a75133a566,c2454ef4-20bb-443f-ad39-cd7f3a030e70,9.733307,1,1,,
16,Pointing,3_A.json,c87d383c-41db-4303-8615-9271bbf2465e,b8a0c7c0-14cf-4cb6-b187-19f1d9d443fe,18.7358952,2,2,,
16,Pointing,3_A.json,e2dc0c9a-3e6f-40a4-b8c5-7289c1efe296,4abc7044-7eb9-49af-b62f-b758685641af,10.4267578,1,1,,
16,Pointing,3_A.json,137e922c-0877-46af-a797-5a32df2edf5d,ded3a9de-2b9f-43bd-bca7-14d4a8dfb53f,20.7550144,1,3,,
16,Pointing,3_A.json,d58fe3c1-28a0-4e49-9e2f-e72569f6e61e,a4abf736-14c9-4dc3-882a-52bc8ccf6cac,27.658926,2,4,,
16,SR,1_B.json,1a84f2f7-1739-41af-94ae-9a3c6677e61d,f9ce718e-116f-4fb7-b5d2-248181defa35,43.43072,1,3,,
16,SR,1_B.json,386be10f-0686-4118-928d-b57f06593b2f,5d1f7654-48d4-4843-abb0-91042e034326,101.21534,3,3,,
16,SR,1_B.json,b3a3afee-32b8-4986-b9e8-16227e2c7bd9,a5a1e18e-708e-4670-860e-67ff86a12ede,64.05571,2,1,,
16,SR,1_B.json,25c3ccdb-26c7-4109-bcfe-730434f9caa9,df8ae140-25c1-4ffd-8363-e4a84988b8ce,75.12087,3,1,,
16,SR,1_B.json,4fd86244-384f-4a69-adc8-6fd13c16422c,8c4a531f-b296-4fcc-a70c-4fff9d8be24c,52.22247,1,3,,
16,SR,1_B.json,19e8d0a8-02bf-4644-9732-e4190e13825e,38d664ae-f584-4d8b-8604-c70747d89295,100.353882,3,4,,
16,SR,1_B.json,cd873fbb-fcc1-43bd-8f04-bb3b2d716af4,1c11229c-ca91-4b80-93fd-c6d20fd163b6,122.756218,2,6,,
16,SR,1_B.json,95479aa7-9c98-49e4-817e-727302518dae,9e971b58-1c9d-4394-ba9b-af0555334c45,56.3820953,2,3,,
16,SR,1_B.json,2a7b8c63-3775-4bbf-8841-7976b4ccf32f,c175b799-57d9-4f56-b714-4dc6b8740487,77.92591,2,2,,
16,SR,1_B.json,4f145d76-f69f-4547-90a7-56281733ca5b,aae7842a-3f00-46ba-b54c-f736c3193a6c,22.8722515,1,2,,
16,SR,1_B.json,fcee09b7-efa4-4e87-956e-553ee7bb3648,d7f9788f-c922-4b8f-b472-cd74312d88f3,27.7737789,2,2,,
16,SR,1_B.json,9e93766e-b621-4d6e-9927-173ac982bf3a,831fbbdb-d298-4883-b344-c7cb1b41f36e,80.3048859,4,2,,
17,Label,4_A.json,137e922c-0877-46af-a797-5a32df2edf5d,9986519e-46ae-4906-a445-37fdd35cd484,108.911072,5,5,,
17,Label,4_A.json,e2dc0c9a-3e6f-40a4-b8c5-7289c1efe296,d92ba861-167f-42f9-958f-24c406dce04f,24.4484386,1,1,,
17,Label,4_A.json,7cbd6f03-54a0-426f-b4ea-d8e0ce58e276,7137e607-57f7-4a3e-bad8-041ced440f1c,39.0879555,2,2,,
17,Label,4_A.json,2369c5c0-c4bb-4308-a9cd-05a64a69f91a,8b654bc8-ecc1-4b70-9e0d-e0362e808102,82.6722641,2,6,,
17,Label,4_A.json,8aeed698-e7ee-41ef-bfe7-56f37e2232ab,3c4074db-06f9-4e82-b86c-522501f640d5,56.9496956,3,3,,
17,Label,4_A.json,fe0ef0b0-c647-4b3a-b2f6-68a75133a566,77660dfe-21a7-4996-9c9c-970a9c2bec5c,16.53899,1,1,,
17,Label,4_A.json,0ebd3226-6abe-4b54-8d2f-6c4c8adc1978,00c760a8-46cf-4319-89e4-e2807c3d1c6a,53.8474541,3,2,,
17,Label,4_A.json,eee4a904-a6ad-4369-970f-b656e1f59f12,497e7dad-292e-4fe2-a115-1cd27af485b0,78.3739853,4,3,,
17,Label,4_A.json,d58fe3c1-28a0-4e49-9e2f-e72569f6e61e,16c83ca9-ad0c-46ae-8bb1-c0cb974c8ec3,137.143173,6,4,,
17,Label,4_A.json,f548cabb-2a47-4399-a702-f76d5d1336df,0bd5ddf5-3c47-4a49-a3b2-2c4a7c3e7647,24.3070927,1,2,,
17,Label,4_A.json,c87d383c-41db-4303-8615-9271bbf2465e,1ea7f614-5f15-4d69-b1bc-078fccfe8204,57.040596,3,2,,
17,Label,4_A.json,81c1a60b-c8ac-4a16-b831-1df68863e61e,0805a63f-9a02-48a9-b0e3-460e687d2c1d,36.46552,2,3,,
17,Pointing,3_B.json,19e8d0a8-02bf-4644-9732-e4190e13825e,926bbfd1-a271-457f-b8c4-6887e6cdf3be,23.1954689,2,4,,
17,Pointing,3_B.json,4f145d76-f69f-4547-90a7-56281733ca5b,a9396328-8a46-4d47-a5d2-e34a80b96d2d,30.7120285,2,2,,
17,Pointing,3_B.json,fcee09b7-efa4-4e87-956e-553ee7bb3648,1898c0cb-75f2-4792-afeb-1e0696d0158c,20.65541,1,2,,
17,Pointing,3_B.json,1a84f2f7-1739-41af-94ae-9a3c6677e61d,d8f35cdf-c46d-40ad-9747-7091c6b2b6c3,28.5390129,2,3,,
17,Pointing,3_B.json,4fd86244-384f-4a69-adc8-6fd13c16422c,f5604875-47c8-48b6-bb15-97f475ce16aa,60.6389427,3,3,,
17,Pointing,3_B.json,25c3ccdb-26c7-4109-bcfe-730434f9caa9,3fe449dc-b603-47d9-be2b-b749ed9a169d,24.3710785,1,2,,
17,Pointing,3_B.json,b3a3afee-32b8-4986-b9e8-16227e2c7bd9,bf284bb9-1d66-421c-a946-170d114dad7d,20.6106949,1,1,,
17,Pointing,3_B.json,9e93766e-b621-4d6e-9927-173ac982bf3a,7ae1f0e8-15cd-4503-aecf-97c802aaefe0,26.0680313,2,2,,
17,Pointing,3_B.json,386be10f-0686-4118-928d-b57f06593b2f,464a5036-6410-48d1-9027-f04554463d8b,31.7063084,2,3,,
17,Pointing,3_B.json,cd873fbb-fcc1-43bd-8f04-bb3b2d716af4,c3ec9b76-1c38-42ca-9039-848fa8fbe89a,31.079464,2,6,,
17,Pointing,3_B.json,2a7b8c63-3775-4bbf-8841-7976b4ccf32f,a4ead49f-91e6-4ba6-baef-091bfdd1726b,48.44705,2,4,,
17,Pointing,3_B.json,95479aa7-9c98-49e4-817e-727302518dae,685f7dfe-b538-4205-b7ec-bf69483fee19,35.34518,2,3,,
17,SR,1_D.json,2d0b42ad-6703-463c-81b3-4ee4d0c8b347,8b9ca0e9-c25d-4fd2-8a0d-ca2581e7b908,166.173462,1,1,,
17,SR,1_D.json,bee10050-f98c-456a-a684-4435ee88ef00,9ca9f2ef-f6d4-4eee-8bb8-219bac5641f9,149.0461,4,4,,
17,SR,1_D.json,c78550a2-290e-4b94-98db-961c2110c668,61024203-9f85-401b-8ad7-2dcbdeca598d,154.007019,5,5,,
17,SR,1_D.json,40573e58-0087-4bb3-9ed7-d18a24a35b78,b5521692-72c6-4ecd-9c17-99e53ba942eb,65.9169,3,10,,
17,SR,1_D.json,b1e13b56-4030-40b3-a8c7-fbc4554e6c18,7a43321f-0613-4d0d-9a85-30b9551c68ee,90.4522858,2,5,,
17,SR,1_D.json,7aeefa77-f398-4a26-b615-e50c4d05ba64,75150ced-0184-425c-9408-cc4b895f8275,39.50789,2,2,,
17,SR,1_D.json,09ff7f59-f6d6-4c54-9955-f1b4bfd11225,4f866987-6fde-463c-b462-d79fe02a38b4,44.1491547,2,2,,
17,SR,1_D.json,2e919b0d-6d84-4641-a535-930a7ca6c8b7,e4b05c0d-8962-44f8-8024-4271378c8854,52.086422,2,3,,
17,SR,1_D.json,79dc7e7b-d1c7-4237-908d-f541b20406d4,f96e50ae-bc4b-4b2f-869a-e24ccd7733db,15.457756,1,1,,
17,SR,1_D.json,ae59cd40-20ff-4809-8cbb-87c7cc41665c,b53e9ca5-c2e3-4f1a-a32a-72850d282833,50.1966248,2,3,,
17,SR,1_D.json,fdf65cab-a9a0-4e5f-ac35-c3cff2196644,6f812acf-f2fa-4b36-b3ea-26b9d02b8a9f,153.493347,6,19,,
17,SR,1_D.json,5dde3eac-8ee6-4821-99d4-f6e4ae5f7bd2,025167ee-8487-4ff6-b38a-8da000775c10,32.5593834,2,2,,
17,P+SR,2_C.json,e81806f6-a4f2-4336-b77b-3407e101bc18,6f59eae3-cefd-4086-b22e-c16718c98558,36.78532,1,3,,
17,P+SR,2_C.json,1ff814e6-7f85-4e81-ad9f-9aababb20e6d,35943f27-89d9-4a3e-a368-da493745aeac,34.111412,1,4,,
17,P+SR,2_C.json,ff4748e2-cd97-45bb-bf2c-e5c9c33f78ac,83e67b65-9086-4da0-95aa-c62c16045bd3,45.0074425,1,3,,
17,P+SR,2_C.json,04f5e376-2845-485a-8cb1-c38e3858ff8a,3bf0c3d2-bd02-44f4-99e3-3b1bc53471dc,81.0529861,3,4,,
17,P+SR,2_C.json,e0153245-d5d9-449a-87f1-2a35d3239eef,cf68f3f5-0057-41fe-a02b-34d3cc3ccc81,35.0294228,2,6,,
17,P+SR,2_C.json,b594ae95-d981-4868-ae48-3f63eb87087a,cd581401-82b3-443e-8547-466969508f82,28.0486374,2,4,,
17,P+SR,2_C.json,fd995852-c28d-49e9-97b5-9774af3241c3,a50b3c02-bc0a-4846-a62d-3cb55ac01eba,72.03067,4,6,,
17,P+SR,2_C.json,4e23551b-4fd6-49d6-bc2b-c11836bf2a24,8a64d019-99f8-4107-9140-5b8ba1462bb7,25.3824787,1,2,,
17,P+SR,2_C.json,3d9e0045-08fb-4a50-b4e5-e4b24c3554c9,9a407489-30e9-46f1-abfa-c7be6b919561,20.8952045,1,2,,
17,P+SR,2_C.json,3bc363f5-3c91-4c51-8139-93034b21f3a9,2cad8634-bc94-4997-a1b3-38578338f1bc,18.55819,1,1,,
17,P+SR,2_C.json,b0e9f035-c92f-4dc6-bd0a-a10b2941f902,8adcf650-0add-4d96-8ea1-d5f6f5bde7d3,16.1626282,1,1,,
17,P+SR,2_C.json,7612d934-759d-4a55-9a58-ef65940b7162,6240484c-ec24-494b-88aa-0255471676c3,23.7822552,1,2,,
18,Label,4_D.json,79dc7e7b-d1c7-4237-908d-f541b20406d4,48308116-232a-4d60-b4c3-5d9d33ccf08e,25.81032,1,1,,
18,Label,4_D.json,fdf65cab-a9a0-4e5f-ac35-c3cff2196644,d9ac0872-6309-43af-a4bd-60592cb3d800,39.2420044,1,4,,
18,Label,4_D.json,b1e13b56-4030-40b3-a8c7-fbc4554e6c18,e18227b4-ae71-4371-be62-a87986d2c164,57.9883537,2,4,,
18,Label,4_D.json,2d0b42ad-6703-463c-81b3-4ee4d0c8b347,c5deaae8-385c-4cbb-a0b5-8eb2121db255,31.70667,1,1,,
18,Label,4_D.json,09ff7f59-f6d6-4c54-9955-f1b4bfd11225,6d572094-a432-4a64-a7ed-a6795fd86584,27.423542,1,3,,
18,Label,4_D.json,7aeefa77-f398-4a26-b615-e50c4d05ba64,7229c682-4fea-42de-bfe1-7cdd4b84647a,29.8957043,2,2,,
18,Label,4_D.json,2e919b0d-6d84-4641-a535-930a7ca6c8b7,12446a80-6cb3-48dc-ab17-03d536dbbe98,48.5591431,1,3,,
18,Label,4_D.json,c78550a2-290e-4b94-98db-961c2110c668,99ec3d8c-908c-464c-a366-696030c26929,61.73678,3,3,,
18,Label,4_D.json,ae59cd40-20ff-4809-8cbb-87c7cc41665c,4a7e49cf-c806-473b-a7e5-7328ab7c9476,46.456852,2,4,,
18,Label,4_D.json,40573e58-0087-4bb3-9ed7-d18a24a35b78,7e48d58c-add0-41e0-a5d2-869b740a8de6,90.63511,3,9,,
18,Label,4_D.json,5dde3eac-8ee6-4821-99d4-f6e4ae5f7bd2,9fa95d1b-39ba-47a3-b0eb-b1cddfa2eeef,22.9655838,2,2,,
18,Label,4_D.json,bee10050-f98c-456a-a684-4435ee88ef00,a921b9f0-334c-4bea-81b4-2ed66fa3ec3f,45.1313553,3,3,,
18,P+SR,2_B.json,2a7b8c63-3775-4bbf-8841-7976b4ccf32f,ce92a58f-7660-4bca-b1f9-e15f51860201,150.066437,3,4,,
18,P+SR,2_B.json,fcee09b7-efa4-4e87-956e-553ee7bb3648,297fbf48-1e49-4791-8933-6631d2cdf055,36.0570831,1,2,,
18,P+SR,2_B.json,4fd86244-384f-4a69-adc8-6fd13c16422c,8f500779-0ee8-45d2-8834-161132a9e61e,163.714355,3,3,,
18,P+SR,2_B.json,1a84f2f7-1739-41af-94ae-9a3c6677e61d,635e0073-99a7-4c27-9f0f-20553d7d1f02,27.4667988,1,3,,
18,P+SR,2_B.json,cd873fbb-fcc1-43bd-8f04-bb3b2d716af4,f4c2e055-4f22-4a75-93ef-a2eabad1d736,48.7204,1,6,,
18,P+SR,2_B.json,19e8d0a8-02bf-4644-9732-e4190e13825e,9e32ca16-de6e-44d4-8919-7a09c5c7aeba,34.7461777,1,4,,
18,P+SR,2_B.json,95479aa7-9c98-49e4-817e-727302518dae,11489a43-1079-4fd6-b8ef-cf8764d1be7d,20.2457047,1,3,,
18,P+SR,2_B.json,b3a3afee-32b8-4986-b9e8-16227e2c7bd9,1531b464-f50c-4bdf-9739-c52942640488,21.2558689,1,1,,
18,P+SR,2_B.json,4f145d76-f69f-4547-90a7-56281733ca5b,6c759581-f800-4d1b-b991-fb6030c5ed29,23.5408859,1,2,,
18,P+SR,2_B.json,25c3ccdb-26c7-4109-bcfe-730434f9caa9,6bf47ffe-5d82-4a04-8035-00310617fb39,21.42419,1,2,,
18,P+SR,2_B.json,9e93766e-b621-4d6e-9927-173ac982bf3a,fda79658-6761-4500-8510-14a3396993c9,25.58493,1,2,,
18,P+SR,2_B.json,386be10f-0686-4118-928d-b57f06593b2f,d86de47a-20ab-410d-a1f9-7500581e1e94,30.6735058,1,3,,
18,SR,1_C.json,04f5e376-2845-485a-8cb1-c38e3858ff8a,c866240d-2bed-4167-88a3-5ab0e48d9035,77.21658,2,2,,
18,SR,1_C.json,3d9e0045-08fb-4a50-b4e5-e4b24c3554c9,658c61ef-ebd0-4045-b493-7ae18683f4da,17.5218487,1,2,,
18,SR,1_C.json,fd995852-c28d-49e9-97b5-9774af3241c3,d027664a-4390-4377-b2af-564f7f107c82,64.06646,1,4,,
18,SR,1_C.json,b594ae95-d981-4868-ae48-3f63eb87087a,8576ead5-98b8-4fe6-b5a1-607869d84973,56.27057,2,4,,
18,SR,1_C.json,e0153245-d5d9-449a-87f1-2a35d3239eef,4f85b8e0-dd7b-4256-95fd-27814a82f0f6,121.76062,5,5,,
18,SR,1_C.json,e81806f6-a4f2-4336-b77b-3407e101bc18,cb6bee09-fe57-48ca-9856-a5ed1f0f9555,46.3797836,1,3,,
18,SR,1_C.json,3bc363f5-3c91-4c51-8139-93034b21f3a9,272af8da-d68e-44e9-995f-5fb6d670e4a8,53.1533432,3,1,,
18,SR,1_C.json,7612d934-759d-4a55-9a58-ef65940b7162,d8be12ab-ab17-4335-aef7-854f147e322a,57.8046265,1,1,,
18,SR,1_C.json,b0e9f035-c92f-4dc6-bd0a-a10b2941f902,c8d3968c-9f34-4ea5-ae53-cd84c2dd5847,28.973278,1,1,,
18,SR,1_C.json,1ff814e6-7f85-4e81-ad9f-9aababb20e6d,05f57d96-c402-474c-8ada-8c7c2524713c,129.254013,2,4,,
18,SR,1_C.json,ff4748e2-cd97-45bb-bf2c-e5c9c33f78ac,15e8443d-6db8-4f63-824d-fe255f9a5655,36.0050964,1,3,,
18,SR,1_C.json,4e23551b-4fd6-49d6-bc2b-c11836bf2a24,6024d2c3-af2d-4bd4-a7d3-90099555f06c,40.1847,1,1,,
18,Pointing,3_A.json,c87d383c-41db-4303-8615-9271bbf2465e,d32b473f-051a-4b9b-b2ef-01d8b422d0fb,48.3298836,2,2,,
18,Pointing,3_A.json,7cbd6f03-54a0-426f-b4ea-d8e0ce58e276,9b70a46c-100a-47e3-b66b-7f321da6e459,25.819418,1,2,,
18,Pointing,3_A.json,8aeed698-e7ee-41ef-bfe7-56f37e2232ab,81b88ae8-1e82-49d5-9b15-4c75a834d124,39.4130249,2,3,,
18,Pointing,3_A.json,2369c5c0-c4bb-4308-a9cd-05a64a69f91a,d3a3d11d-56fc-4e5e-bdd3-c73f2e374e9e,28.3518047,2,6,,
18,Pointing,3_A.json,f548cabb-2a47-4399-a702-f76d5d1336df,52b8653a-46c2-4d0b-b988-453d468065e5,19.8995781,1,2,,
18,Pointing,3_A.json,137e922c-0877-46af-a797-5a32df2edf5d,42c3f82a-e9f6-49db-8f42-fe671deafd52,36.62826,3,3,,
18,Pointing,3_A.json,81c1a60b-c8ac-4a16-b831-1df68863e61e,d7232bdc-aafd-44de-90a0-d3b239bdd97e,25.06886,2,3,,
18,Pointing,3_A.json,0ebd3226-6abe-4b54-8d2f-6c4c8adc1978,b0d6b68c-5faa-4b48-be22-8b205a887a88,30.17158,2,2,,
18,Pointing,3_A.json,e2dc0c9a-3e6f-40a4-b8c5-7289c1efe296,40148c20-4fb3-46ba-b78b-05f6d5223b0c,14.3360119,1,1,,
18,Pointing,3_A.json,fe0ef0b0-c647-4b3a-b2f6-68a75133a566,be5bffa6-454d-4ebd-b824-e8fea7949386,12.839757,1,1,,
18,Pointing,3_A.json,eee4a904-a6ad-4369-970f-b656e1f59f12,afafe11b-8604-4e81-9ae9-0839a5c4ab29,24.967514,2,2,,
18,Pointing,3_A.json,d58fe3c1-28a0-4e49-9e2f-e72569f6e61e,1d35e53d-8fe8-4f80-b87e-69e0841fab0e,24.3861275,3,3,,
19,P+SR,2_D.json,40573e58-0087-4bb3-9ed7-d18a24a35b78,256f5220-664a-4965-ad21-997985f3805d,37.44654,1,9,,
19,P+SR,2_D.json,79dc7e7b-d1c7-4237-908d-f541b20406d4,179e0938-ed79-4cda-a294-ff4de7bbb71e,20.4996357,1,1,,
19,P+SR,2_D.json,ae59cd40-20ff-4809-8cbb-87c7cc41665c,28c02ba4-d2cf-48b9-8e65-faa2a7980d64,88.34034,3,4,,
19,P+SR,2_D.json,5dde3eac-8ee6-4821-99d4-f6e4ae5f7bd2,0eca3deb-7373-4b4b-ae1c-b4d38466c685,29.7903328,1,2,,
19,P+SR,2_D.json,fdf65cab-a9a0-4e5f-ac35-c3cff2196644,d4b6fd5c-f65b-458f-9f8d-3e6e7b00e4a8,18.35279,1,4,,
19,P+SR,2_D.json,c78550a2-290e-4b94-98db-961c2110c668,40420e0b-2444-4491-b7e1-368fd8706982,24.3312778,1,4,,
19,P+SR,2_D.json,bee10050-f98c-456a-a684-4435ee88ef00,2b8bc32c-9a0a-4e9e-8eb6-80a594bd4be4,75.97795,3,3,,
19,P+SR,2_D.json,09ff7f59-f6d6-4c54-9955-f1b4bfd11225,7ecba200-fe31-42e4-b8d0-21bd418d87f0,19.0510082,1,3,,
19,P+SR,2_D.json,7aeefa77-f398-4a26-b615-e50c4d05ba64,cd566a78-093c-43ee-a888-992be748e9d0,18.7589931,1,2,,
19,P+SR,2_D.json,2d0b42ad-6703-463c-81b3-4ee4d0c8b347,6abd7f63-fc28-4678-9588-24ac3875c461,22.5819454,1,1,,
19,P+SR,2_D.json,b1e13b56-4030-40b3-a8c7-fbc4554e6c18,7c71e653-ee6c-4f1a-ae97-d431f48932fa,21.0292377,1,4,,
19,P+SR,2_D.json,2e919b0d-6d84-4641-a535-930a7ca6c8b7,c6e8a700-eb09-4be1-b5c4-021a83cb294c,41.5149651,2,3,,
19,Pointing,3_C.json,b594ae95-d981-4868-ae48-3f63eb87087a,e81d6946-6a35-477e-93b2-e5d5d6fa9a53,151.006317,3,4,,
19,Pointing,3_C.json,b0e9f035-c92f-4dc6-bd0a-a10b2941f902,34e9b422-11b7-494a-ab05-105a042c9537,39.6850166,2,1,,
19,Pointing,3_C.json,1ff814e6-7f85-4e81-ad9f-9aababb20e6d,c1a8437b-a8d7-4290-bbfc-4da18c91d5fd,56.8727722,2,4,,
19,Pointing,3_C.json,4e23551b-4fd6-49d6-bc2b-c11836bf2a24,5d933299-f1eb-40f7-84f6-c77f465572e0,34.34543,2,2,,
19,Pointing,3_C.json,ff4748e2-cd97-45bb-bf2c-e5c9c33f78ac,6e83096f-5e86-4495-a5ba-b2672a8234a3,23.1622257,1,3,,
19,Pointing,3_C.json,fd995852-c28d-49e9-97b5-9774af3241c3,1bb7d757-5fd7-4cbc-9573-41458ccdd9d3,36.23593,3,6,,
19,Pointing,3_C.json,3d9e0045-08fb-4a50-b4e5-e4b24c3554c9,39336e32-0867-400f-bcdd-2cf71f594dbc,26.8729439,1,2,,
19,Pointing,3_C.json,3bc363f5-3c91-4c51-8139-93034b21f3a9,86830be5-7d8a-487f-80f8-1d1fcb1501bf,18.6763344,1,1,,
19,Pointing,3_C.json,e81806f6-a4f2-4336-b77b-3407e101bc18,9e9d4eb1-2bb9-4b8f-b9c5-34490464a3e2,24.3476238,2,3,,
19,Pointing,3_C.json,04f5e376-2845-485a-8cb1-c38e3858ff8a,85143353-2fe8-47a7-8ed1-1274eb66fd77,27.6735039,2,4,,
19,Pointing,3_C.json,e0153245-d5d9-449a-87f1-2a35d3239eef,b6d78ea6-4259-49b3-babb-19511c4b5c2c,29.6682682,2,6,,
19,Pointing,3_C.json,7612d934-759d-4a55-9a58-ef65940b7162,0bdc66f0-757f-4cfc-850a-78a9bc7f61cd,44.6581726,3,3,,
19,Label,4_B.json,25c3ccdb-26c7-4109-bcfe-730434f9caa9,3bf22690-f1ed-41e7-ab20-2e21e6cab956,49.69146,1,2,,
19,Label,4_B.json,2a7b8c63-3775-4bbf-8841-7976b4ccf32f,b60a9d43-cc23-461d-836d-83a826076bc4,141.078934,5,5,,
19,Label,4_B.json,4f145d76-f69f-4547-90a7-56281733ca5b,85e36dd0-86dc-410e-9ece-1d4b78de7a8b,51.6460533,3,3,,
19,Label,4_B.json,9e93766e-b621-4d6e-9927-173ac982bf3a,1ac0c35e-da9e-45e2-8ddc-3147774f17cc,41.79754,2,2,,
19,Label,4_B.json,fcee09b7-efa4-4e87-956e-553ee7bb3648,54c7cd97-bae8-43e0-afc5-4562e62d48d4,22.3936825,1,2,,
19,Label,4_B.json,b3a3afee-32b8-4986-b9e8-16227e2c7bd9,06f06ff4-e81c-4d18-aeb8-b7335333b6e4,48.1427155,1,1,,
19,Label,4_B.json,386be10f-0686-4118-928d-b57f06593b2f,2d0f042d-a431-46ef-923f-12c3dfdf972a,76.52255,2,3,,
19,Label,4_B.json,cd873fbb-fcc1-43bd-8f04-bb3b2d716af4,8e6855f7-4754-470e-9c0e-dda80a55bbb6,64.88897,2,6,,
19,Label,4_B.json,19e8d0a8-02bf-4644-9732-e4190e13825e,69670433-703c-4ac1-92f0-c92b6a92d3a4,31.22431,2,4,,
19,Label,4_B.json,1a84f2f7-1739-41af-94ae-9a3c6677e61d,f703d1b9-8107-4eb7-b9e3-d8cd8750b31b,45.5782623,2,3,,
19,Label,4_B.json,4fd86244-384f-4a69-adc8-6fd13c16422c,8825c619-56f9-4b43-addc-88a8a317d7a7,94.27893,6,3,,
19,Label,4_B.json,95479aa7-9c98-49e4-817e-727302518dae,7abb38e1-0a10-4dc4-af63-a369fb58a81d,28.8399029,1,3,,
19,SR,1_A.json,2369c5c0-c4bb-4308-a9cd-05a64a69f91a,5f69a8d9-7451-45ed-8eca-0f9ff31f020b,132.3345,7,6,,
19,SR,1_A.json,d58fe3c1-28a0-4e49-9e2f-e72569f6e61e,654221f1-792d-40f0-a319-38cd8420b0a8,90.9160843,5,4,,
19,SR,1_A.json,0ebd3226-6abe-4b54-8d2f-6c4c8adc1978,15a1d8be-4c54-4776-a23a-708b2691b21f,30.1016312,2,2,,
19,SR,1_A.json,fe0ef0b0-c647-4b3a-b2f6-68a75133a566,c2cd70f1-c60d-474c-9a96-8a983399cf3f,37.68495,2,1,,
19,SR,1_A.json,8aeed698-e7ee-41ef-bfe7-56f37e2232ab,9a40fad5-cdab-4bb8-8c50-f574572a00c6,114.601555,5,0,,
19,SR,1_A.json,137e922c-0877-46af-a797-5a32df2edf5d,5a42a5ff-36d3-40a1-9d1a-493a2ffea0c1,48.0485458,3,3,,
19,SR,1_A.json,f548cabb-2a47-4399-a702-f76d5d1336df,b217c82c-be9e-417c-978b-ae1131d7547d,27.3030472,2,2,,
19,SR,1_A.json,81c1a60b-c8ac-4a16-b831-1df68863e61e,7393e17d-352f-4455-aabe-b49242d2e107,59.2595329,4,3,,
19,SR,1_A.json,c87d383c-41db-4303-8615-9271bbf2465e,7d655aa9-c70c-4a86-b249-a22c3009387a,36.1443748,2,2,,
19,SR,1_A.json,e2dc0c9a-3e6f-40a4-b8c5-7289c1efe296,dbde00ff-e140-405f-8e02-673cad9b20e9,17.1862411,1,1,,
19,SR,1_A.json,7cbd6f03-54a0-426f-b4ea-d8e0ce58e276,55557084-76fa-45f5-976f-e090b0616d11,30.1586056,2,2,,
19,SR,1_A.json,eee4a904-a6ad-4369-970f-b656e1f59f12,5f2036a0-b2c5-4efa-81d7-17e814b48fa8,35.6369,2,2,,
2,Pointing,3_C.json,e81806f6-a4f2-4336-b77b-3407e101bc18,f5143713-21b6-4c16-893d-d4c4f9a93dec,84.83519,2,3,,
2,Pointing,3_C.json,4e23551b-4fd6-49d6-bc2b-c11836bf2a24,20d9d569-54c2-44a2-8030-33ad4a9228a8,28.16208,2,2,,
2,Pointing,3_C.json,b594ae95-d981-4868-ae48-3f63eb87087a,411529da-8cd1-4614-90a7-267096472fcb,17.8924332,2,4,,
2,Pointing,3_C.json,7612d934-759d-4a55-9a58-ef65940b7162,71e786f9-23fa-4101-91b6-c1f57f4ba31c,24.64055,3,3,,
2,Pointing,3_C.json,3bc363f5-3c91-4c51-8139-93034b21f3a9,2b348802-e242-4f59-a358-dce45d52d221,19.31864,1,1,,
2,Pointing,3_C.json,ff4748e2-cd97-45bb-bf2c-e5c9c33f78ac,549bda0c-d4c8-4fd3-8605-310ed5bf43c7,15.1167164,1,3,,
2,Pointing,3_C.json,fd995852-c28d-49e9-97b5-9774af3241c3,c8156a3b-2a18-42b8-a1c2-566f9c886051,19.16372,2,4,,
2,Pointing,3_C.json,04f5e376-2845-485a-8cb1-c38e3858ff8a,846fa966-31d8-4759-8c32-3080cb7d46db,18.2484684,2,4,,
2,Pointing,3_C.json,b0e9f035-c92f-4dc6-bd0a-a10b2941f902,d3f7b566-ac1c-4490-948f-459e8df3b90a,15.8882074,1,1,,
2,Pointing,3_C.json,3d9e0045-08fb-4a50-b4e5-e4b24c3554c9,b0400750-add2-4010-bb83-9140e344904f,10.0020771,1,2,,
2,Pointing,3_C.json,e0153245-d5d9-449a-87f1-2a35d3239eef,0bf73519-2561-47f4-8e32-e4f1ac421006,22.3029442,2,6,,
2,Pointing,3_C.json,1ff814e6-7f85-4e81-ad9f-9aababb20e6d,7e3092a4-1c5c-44db-88f8-cdcb2f560252,23.073761,2,4,,
2,P+SR,2_B.json,19e8d0a8-02bf-4644-9732-e4190e13825e,1c0eb922-d4be-48da-b287-6b3a9328d906,66.81898,2,4,,
2,P+SR,2_B.json,9e93766e-b621-4d6e-9927-173ac982bf3a,8e1425d1-3f34-43dc-9261-271f8a721ace,28.646389,2,2,,
2,P+SR,2_B.json,25c3ccdb-26c7-4109-bcfe-730434f9caa9,06fab7fb-6dcc-46ee-a916-e0d787af1f88,18.54695,1,2,,
2,P+SR,2_B.json,95479aa7-9c98-49e4-817e-727302518dae,79679141-318a-4359-88bd-9f01a4dace08,22.4913311,1,3,,
2,P+SR,2_B.json,cd873fbb-fcc1-43bd-8f04-bb3b2d716af4,64a07c74-a0b1-43f6-9252-126161136be0,24.480484,2,6,,
2,P+SR,2_B.json,fcee09b7-efa4-4e87-956e-553ee7bb3648,7975d071-e4f4-409f-b0b2-3474832186b5,16.9749928,1,2,,
2,P+SR,2_B.json,b3a3afee-32b8-4986-b9e8-16227e2c7bd9,f470d250-b986-4e35-a6a7-12c29a85530e,17.3326511,1,1,,
2,P+SR,2_B.json,1a84f2f7-1739-41af-94ae-9a3c6677e61d,7cf86e10-dd84-4c9a-b250-1776aa41f2d5,21.0295582,2,3,,
2,P+SR,2_B.json,2a7b8c63-3775-4bbf-8841-7976b4ccf32f,9a3da7ca-5147-4b25-9a87-aaf888da7964,85.640564,2,4,,
2,P+SR,2_B.json,386be10f-0686-4118-928d-b57f06593b2f,a958d1f7-a956-4f61-856d-8ee559cd51ad,41.818264,2,3,,
2,P+SR,2_B.json,4fd86244-384f-4a69-adc8-6fd13c16422c,024675cc-fcb8-4677-864f-4298a32fd1fd,23.791811,1,3,,
2,P+SR,2_B.json,4f145d76-f69f-4547-90a7-56281733ca5b,0ab07bea-b5a3-4040-96d0-07ec30186b51,30.2947025,1,2,,
2,SR,1_A.json,b3a3afee-32b8-4986-b9e8-16227e2c7bd9,f508a3b3-d4fa-4752-aa42-57e4256e6bc9,27.3179588,1,1,,
2,SR,1_A.json,25c3ccdb-26c7-4109-bcfe-730434f9caa9,15524532-75f8-4ebe-a2eb-f74d21d943fe,48.4848251,1,2,,
2,SR,1_A.json,4fd86244-384f-4a69-adc8-6fd13c16422c,243d5018-4e90-4286-919b-6664a4dba05a,80.73124,1,3,,
2,SR,1_A.json,19e8d0a8-02bf-4644-9732-e4190e13825e,8b230730-a323-4251-a397-58c3b290babe,383.4393,6,6,,
2,SR,1_A.json,cd873fbb-fcc1-43bd-8f04-bb3b2d716af4,4adf6b6d-85b7-40d0-aff7-2c36e212c24f,87.16522,3,9,,
2,SR,1_A.json,95479aa7-9c98-49e4-817e-727302518dae,1045c02e-62c8-41b5-97f1-cd94290a842f,74.02878,2,4,,
2,SR,1_A.json,2a7b8c63-3775-4bbf-8841-7976b4ccf32f,8daa0fac-9534-4111-856d-c861e3955c0c,89.39172,3,4,,
2,SR,1_A.json,4f145d76-f69f-4547-90a7-56281733ca5b,24e3829c-5f37-498f-86cd-42f682a6e954,37.80722,2,2,,
2,SR,1_A.json,fcee09b7-efa4-4e87-956e-553ee7bb3648,3d5f052a-fea6-4592-adf3-3fbd923964c2,27.8408546,1,2,,
2,SR,1_A.json,9e93766e-b621-4d6e-9927-173ac982bf3a,ea2f3498-d86e-4bfb-921a-cbb3d3c0bca2,42.1047173,2,2,,
2,SR,1_A.json,2369c5c0-c4bb-4308-a9cd-05a64a69f91a,f037da85-a7bd-4aa0-b727-b044d52fc0aa,53.813324,4,6,,
2,SR,1_A.json,d58fe3c1-28a0-4e49-9e2f-e72569f6e61e,9f1e0d76-4177-4683-8e31-3d2ff6db2af0,89.54372,1,4,,
20,Label,4_D.json,b1e13b56-4030-40b3-a8c7-fbc4554e6c18,3e4533bd-8af4-41ff-8baa-dbf748ac9f90,209.949417,2,3,,
20,Label,4_D.json,09ff7f59-f6d6-4c54-9955-f1b4bfd11225,f2d1e2f6-ad0c-4a78-9b25-231bf3e2b389,86.89749,1,3,,
20,Label,4_D.json,40573e58-0087-4bb3-9ed7-d18a24a35b78,c74f8946-cd24-4fc8-aad8-a6e8b473b0f2,213.737366,3,6,,
20,Label,4_D.json,79dc7e7b-d1c7-4237-908d-f541b20406d4,a98e656a-4de3-4b90-8c82-e10b047eb9ee,43.78626,1,1,,
20,Label,4_D.json,5dde3eac-8ee6-4821-99d4-f6e4ae5f7bd2,7b831f53-fb98-46fc-8d7e-548e47be4634,267.3642,5,3,,
20,Label,4_D.json,7aeefa77-f398-4a26-b615-e50c4d05ba64,5d0a1cee-e38b-4aa0-bf02-213fd9da2c79,21.3564014,1,1,,
20,Label,4_D.json,2d0b42ad-6703-463c-81b3-4ee4d0c8b347,ada770f2-cdff-4777-b604-40098d1a86cb,115.142349,2,2,,
20,Label,4_D.json,bee10050-f98c-456a-a684-4435ee88ef00,1e0c6a07-91f1-4e00-8de5-e723d232cc33,185.4794,6,5,,
20,Label,4_D.json,ae59cd40-20ff-4809-8cbb-87c7cc41665c,193a77bd-e0f4-43de-8109-4bc2b8dca2ce,84.9378738,2,4,,
20,Label,4_D.json,fdf65cab-a9a0-4e5f-ac35-c3cff2196644,d81a3329-c940-412d-8b16-c2c866e659d2,77.37581,2,4,,
20,Label,4_D.json,2e919b0d-6d84-4641-a535-930a7ca6c8b7,ac9deb67-d6c4-486f-94dd-798d9ae7b41a,93.53472,2,3,,
20,Label,4_D.json,c78550a2-290e-4b94-98db-961c2110c668,deb8c80b-fd3d-49b7-a660-4fdc225a713b,81.45011,2,4,,
20,P+SR,2_A.json,8aeed698-e7ee-41ef-bfe7-56f37e2232ab,7d51bb04-1f50-49da-93d3-e5a62410210d,50.41014,1,3,,
20,P+SR,2_A.json,f548cabb-2a47-4399-a702-f76d5d1336df,1d68b3d7-db21-4ad0-88ba-53804bf09e31,41.4805374,1,2,,
20,P+SR,2_A.json,fe0ef0b0-c647-4b3a-b2f6-68a75133a566,6e2a2744-de25-442c-8b0f-19cef49b4e76,30.3189774,1,1,,
20,P+SR,2_A.json,c87d383c-41db-4303-8615-9271bbf2465e,58f54108-08b8-4855-aca8-15300ecf8ff7,33.5190048,1,2,,
20,P+SR,2_A.json,eee4a904-a6ad-4369-970f-b656e1f59f12,dee3dd53-6376-442c-ad7e-ce072ecb6e60,34.89076,1,2,,
20,P+SR,2_A.json,137e922c-0877-46af-a797-5a32df2edf5d,605ed775-1d38-4c00-a991-ecc87dc610a3,44.74319,1,3,,
20,P+SR,2_A.json,2369c5c0-c4bb-4308-a9cd-05a64a69f91a,96486b06-958f-42d3-b246-bb3be69bda4a,44.5870476,1,6,,
20,P+SR,2_A.json,d58fe3c1-28a0-4e49-9e2f-e72569f6e61e,24e8f4b2-9e7f-4e6e-872a-696b27c8b736,58.06594,2,4,,
20,P+SR,2_A.json,e2dc0c9a-3e6f-40a4-b8c5-7289c1efe296,acf1d32d-c529-4f85-98cb-eb44f5853eeb,21.8815784,1,1,,
20,P+SR,2_A.json,7cbd6f03-54a0-426f-b4ea-d8e0ce58e276,deb82622-9bea-499f-9cb8-760c424c2b1a,23.1172848,1,2,,
20,P+SR,2_A.json,81c1a60b-c8ac-4a16-b831-1df68863e61e,43f77314-b822-4a92-8feb-4761cd95d1c5,23.2990284,1,3,,
20,P+SR,2_A.json,0ebd3226-6abe-4b54-8d2f-6c4c8adc1978,6aadfacf-936e-464e-8fdf-efb68bba3219,41.05637,1,2,,
20,Pointing,3_C.json,e0153245-d5d9-449a-87f1-2a35d3239eef,0acabf47-a82b-4887-81ce-255117fe0441,30.0051327,2,6,,
20,Pointing,3_C.json,3bc363f5-3c91-4c51-8139-93034b21f3a9,63d5ae4d-5f94-4a39-bf8e-9a16664b9629,19.8140011,1,1,,
20,Pointing,3_C.json,b594ae95-d981-4868-ae48-3f63eb87087a,1b6c2234-16a5-4222-9e77-64df2d41ea04,29.2088413,2,4,,
20,Pointing,3_C.json,b0e9f035-c92f-4dc6-bd0a-a10b2941f902,8dead636-d604-4309-bc84-053aac71c429,32.6256,1,1,,
20,Pointing,3_C.json,4e23551b-4fd6-49d6-bc2b-c11836bf2a24,44429f23-172e-46fd-bf5a-04dca9b249c2,107.129532,4,2,,
20,Pointing,3_C.json,e81806f6-a4f2-4336-b77b-3407e101bc18,e5a5fef6-2fb0-4998-969e-f295eeeee910,33.4036942,2,3,,
20,Pointing,3_C.json,04f5e376-2845-485a-8cb1-c38e3858ff8a,ed261efb-cf1e-475b-a62a-89d12da818ad,164.025284,6,4,,
20,Pointing,3_C.json,3d9e0045-08fb-4a50-b4e5-e4b24c3554c9,86af1310-ce52-4ead-9eb0-143fb064f007,22.425499,1,2,,
20,Pointing,3_C.json,1ff814e6-7f85-4e81-ad9f-9aababb20e6d,5b3edd1c-b190-4adb-8906-67b84e7fae06,82.01109,2,4,,
20,Pointing,3_C.json,ff4748e2-cd97-45bb-bf2c-e5c9c33f78ac,91cedd12-863b-4ffb-a5a7-304ca6020875,40.5217,1,3,,
20,Pointing,3_C.json,7612d934-759d-4a55-9a58-ef65940b7162,0b46662b-cf42-4968-9a2d-f88d6aed3016,70.4077,3,3,,
20,Pointing,3_C.json,fd995852-c28d-49e9-97b5-9774af3241c3,be1be752-219d-4ca8-a9ec-14cb9a2245fe,268.319763,6,0,,
20,SR,1_B.json,1a84f2f7-1739-41af-94ae-9a3c6677e61d,9400e1ca-2f56-4696-8589-f2a6749ec519,50.0233345,1,3,,
20,SR,1_B.json,386be10f-0686-4118-928d-b57f06593b2f,c16040a8-e733-42a5-bf61-2b820fc49289,47.0384674,1,3,,
20,SR,1_B.json,b3a3afee-32b8-4986-b9e8-16227e2c7bd9,c7573997-45ed-498d-906d-a0d6de145ed1,67.09087,1,1,,
20,SR,1_B.json,25c3ccdb-26c7-4109-bcfe-730434f9caa9,e26f0b9d-cd17-4eea-8be9-d808dff90f61,46.6071053,1,2,,
20,SR,1_B.json,4fd86244-384f-4a69-adc8-6fd13c16422c,50a536f0-c356-4a06-9a53-335f34bf4d9e,163.245255,2,3,,
20,SR,1_B.json,19e8d0a8-02bf-4644-9732-e4190e13825e,2ba785b7-150f-4656-8739-7ec31496d599,91.06528,2,6,,
20,SR,1_B.json,cd873fbb-fcc1-43bd-8f04-bb3b2d716af4,23165e3d-1bf1-45af-a26f-7e1dc3f394d6,113.570694,3,10,,
20,SR,1_B.json,95479aa7-9c98-49e4-817e-727302518dae,816473e8-02cb-492e-bc82-61544e4b9467,90.2806854,3,6,,
20,SR,1_B.json,2a7b8c63-3775-4bbf-8841-7976b4ccf32f,1f1404bb-746f-460f-a10c-e9ee82bbc150,166.407211,6,9,,
20,SR,1_B.json,4f145d76-f69f-4547-90a7-56281733ca5b,90561b62-0ce1-4036-b869-29b625dc4b75,63.88308,3,2,,
20,SR,1_B.json,fcee09b7-efa4-4e87-956e-553ee7bb3648,41f718e1-a62b-4d46-973b-7f300da26ddf,100.788284,2,2,,
20,SR,1_B.json,9e93766e-b621-4d6e-9927-173ac982bf3a,1e361a44-86b9-4941-9aee-008d21841e79,310.178131,2,2,,
21,Label,4_D.json,40573e58-0087-4bb3-9ed7-d18a24a35b78,01b8b7eb-6eaa-45d0-aa88-ad2ef67f5bf3,268.212,4,8,,
21,Label,4_D.json,2e919b0d-6d84-4641-a535-930a7ca6c8b7,6a137fe9-36a5-47e0-b4ae-6abdfdb41b41,92.73942,2,3,,
21,Label,4_D.json,5dde3eac-8ee6-4821-99d4-f6e4ae5f7bd2,f7487a4f-4288-4a00-b3f3-7cc0c5ee2cdd,147.2492,1,2,,
21,Label,4_D.json,c78550a2-290e-4b94-98db-961c2110c668,d12602c2-19ec-48d8-91c7-47ab9381c247,175.799576,2,4,,
21,Label,4_D.json,ae59cd40-20ff-4809-8cbb-87c7cc41665c,66be552b-3197-4ff6-afc8-6ade1764feb5,183.895676,3,4,,
21,Label,4_D.json,bee10050-f98c-456a-a684-4435ee88ef00,07acf04b-9aa3-4b60-8431-7ae77415e09b,81.67196,1,3,,
21,Label,4_D.json,09ff7f59-f6d6-4c54-9955-f1b4bfd11225,94e16b0e-442b-4959-bd55-6f46020d24fc,31.814518,1,3,,
21,Label,4_D.json,7aeefa77-f398-4a26-b615-e50c4d05ba64,8b7eddc3-0cdd-4f24-9352-c5f7e270c938,51.3158722,1,2,,
21,Label,4_D.json,2d0b42ad-6703-463c-81b3-4ee4d0c8b347,e796147b-098b-445c-a77f-eeb35eeef550,17.2630138,1,1,,
21,Label,4_D.json,b1e13b56-4030-40b3-a8c7-fbc4554e6c18,dfd2f5aa-8b53-4e58-a349-9104c34bbfc8,39.5605965,1,4,,
21,Label,4_D.json,fdf65cab-a9a0-4e5f-ac35-c3cff2196644,8b4246cb-31af-4038-8ab6-5998db30cf2c,43.1009064,1,4,,
21,Label,4_D.json,79dc7e7b-d1c7-4237-908d-f541b20406d4,383fc5e7-d943-46a3-a534-1268685531d5,64.30604,1,1,,
21,P+SR,2_B.json,25c3ccdb-26c7-4109-bcfe-730434f9caa9,8943cc3f-8308-4a1a-ade2-bb3beba3e41b,93.27781,1,2,,
21,P+SR,2_B.json,95479aa7-9c98-49e4-817e-727302518dae,083381fd-956a-497f-a124-687aa83ba934,38.92482,1,3,,
21,P+SR,2_B.json,9e93766e-b621-4d6e-9927-173ac982bf3a,bb32db39-f522-49af-a3c7-d7a72261e3c4,79.33961,1,2,,
21,P+SR,2_B.json,b3a3afee-32b8-4986-b9e8-16227e2c7bd9,9cbb0a69-bcea-468b-91e4-673d05b7effc,57.9230843,1,1,,
21,P+SR,2_B.json,4f145d76-f69f-4547-90a7-56281733ca5b,c865f47c-f665-4715-8191-7d1ec0cd261d,34.7063637,1,2,,
21,P+SR,2_B.json,386be10f-0686-4118-928d-b57f06593b2f,dffb528b-3ffb-4dcd-8bbe-f57883e947a8,80.2974854,2,3,,
21,P+SR,2_B.json,cd873fbb-fcc1-43bd-8f04-bb3b2d716af4,b8c71426-21c6-41e1-8250-b97d834c5caf,80.31835,1,6,,
21,P+SR,2_B.json,19e8d0a8-02bf-4644-9732-e4190e13825e,d4daf3c3-51cf-41ca-b33c-2a801e5c3165,110.400841,3,4,,
21,P+SR,2_B.json,1a84f2f7-1739-41af-94ae-9a3c6677e61d,b93a609c-ece4-42fa-8b08-a73a61373aea,131.89006,2,3,,
21,P+SR,2_B.json,4fd86244-384f-4a69-adc8-6fd13c16422c,339ca1f2-1314-43eb-a9fc-4b4dfd863bca,132.302582,3,3,,
21,P+SR,2_B.json,fcee09b7-efa4-4e87-956e-553ee7bb3648,ca5e1b0b-be11-4a6b-a4a4-ace20a13accf,36.7696,1,2,,
21,P+SR,2_B.json,2a7b8c63-3775-4bbf-8841-7976b4ccf32f,0bdf2aaf-29bd-4c9e-b385-35e92f9c94ee,89.84486,1,4,,
21,SR,1_C.json,04f5e376-2845-485a-8cb1-c38e3858ff8a,096ff136-4705-4dcf-987e-5ebea4c624e2,71.54541,1,4,,
21,SR,1_C.json,3d9e0045-08fb-4a50-b4e5-e4b24c3554c9,6b2fbba0-42a1-45b5-bdfd-4c1410d69655,85.7458344,1,2,,
21,SR,1_C.json,fd995852-c28d-49e9-97b5-9774af3241c3,334d1942-64d9-4a36-8b0b-fb7708db6bf2,146.487137,1,6,,
21,SR,1_C.json,b594ae95-d981-4868-ae48-3f63eb87087a,ecc094d0-a647-491a-b51b-c5e2182cb2b2,89.9878845,2,5,,
21,SR,1_C.json,e0153245-d5d9-449a-87f1-2a35d3239eef,8fd92883-1d0f-4dee-ab2a-7bcf61662d50,252.069839,1,6,,
21,SR,1_C.json,e81806f6-a4f2-4336-b77b-3407e101bc18,fe817405-683f-4dac-84f9-ac3125d3ccbb,171.0098,2,3,,
21,SR,1_C.json,3bc363f5-3c91-4c51-8139-93034b21f3a9,cf10f583-9872-4d99-863f-f4e10ff1c7dc,102.290108,2,3,,
21,SR,1_C.json,7612d934-759d-4a55-9a58-ef65940b7162,cf835517-2ef6-4f2e-b1c1-a7a65b891cc4,55.6214752,1,4,,
21,SR,1_C.json,b0e9f035-c92f-4dc6-bd0a-a10b2941f902,cc9aee2f-ff95-4c8d-b461-cf9cb6684b6c,57.2874451,2,1,,
21,SR,1_C.json,1ff814e6-7f85-4e81-ad9f-9aababb20e6d,fff88fd3-c638-433f-9236-f803af746b1b,248.149734,1,4,,
21,SR,1_C.json,ff4748e2-cd97-45bb-bf2c-e5c9c33f78ac,13317097-eeeb-4448-9c3c-e4491ca6f884,55.61971,1,3,,
21,SR,1_C.json,4e23551b-4fd6-49d6-bc2b-c11836bf2a24,45f45ec5-32ad-47f6-8b06-1d1029436f24,123.312553,2,3,,
21,Pointing,3_A.json,fe0ef0b0-c647-4b3a-b2f6-68a75133a566,8215ddd7-f9a5-4c99-ab08-efd51777ab82,19.5510788,1,1,,
21,Pointing,3_A.json,81c1a60b-c8ac-4a16-b831-1df68863e61e,1268764a-2769-4f4d-b451-50c413b94043,36.4361877,2,3,,
21,Pointing,3_A.json,eee4a904-a6ad-4369-970f-b656e1f59f12,522cd7c1-26ed-4285-bfdc-96f35ef42857,180.098862,5,13,,
21,Pointing,3_A.json,0ebd3226-6abe-4b54-8d2f-6c4c8adc1978,cad5fc72-876a-43e8-9b49-ba6777d8378c,130.454849,4,0,,
21,Pointing,3_A.json,e2dc0c9a-3e6f-40a4-b8c5-7289c1efe296,9b909587-6fda-4c11-816a-3d9061221f92,22.0899582,1,1,,
21,Pointing,3_A.json,d58fe3c1-28a0-4e49-9e2f-e72569f6e61e,903d800a-2cfa-432c-aa92-bc2ae0075c96,132.8719,7,4,,
21,Pointing,3_A.json,f548cabb-2a47-4399-a702-f76d5d1336df,aeb7c1ff-2705-4e29-b23e-1f23760fb95b,34.07313,1,2,,
21,Pointing,3_A.json,137e922c-0877-46af-a797-5a32df2edf5d,1546350f-5223-46e7-a856-783267001897,98.39516,3,3,,
21,Pointing,3_A.json,2369c5c0-c4bb-4308-a9cd-05a64a69f91a,3082343b-d316-45bd-b998-d09387436a39,27.9839573,2,8,,
21,Pointing,3_A.json,8aeed698-e7ee-41ef-bfe7-56f37e2232ab,27c80da5-7a77-410b-aa69-b0a8342e543a,56.3975639,4,3,,
21,Pointing,3_A.json,7cbd6f03-54a0-426f-b4ea-d8e0ce58e276,fe92eaf2-ca8a-488b-a224-371a02bb477d,22.11293,1,2,,
21,Pointing,3_A.json,c87d383c-41db-4303-8615-9271bbf2465e,ac637241-3b28-4756-8700-845efa25fc63,38.1619339,3,2,,
22,Label,4_D.json,40573e58-0087-4bb3-9ed7-d18a24a35b78,3d2a4e00-1548-45c8-9bce-0cf90e890e21,109.448013,1,9,,
22,Label,4_D.json,2d0b42ad-6703-463c-81b3-4ee4d0c8b347,b356899f-452a-4584-90de-7c77791d456f,38.84255,1,1,,
22,Label,4_D.json,2e919b0d-6d84-4641-a535-930a7ca6c8b7,bf1062b5-cffd-4030-b7c3-c690bdf809a0,33.9384766,1,3,,
22,Label,4_D.json,09ff7f59-f6d6-4c54-9955-f1b4bfd11225,4c77494d-9388-473e-9bf0-a57eb81e47a6,23.25545,1,3,,
22,Label,4_D.json,79dc7e7b-d1c7-4237-908d-f541b20406d4,47727ad8-d62f-45c5-b2fa-fcebb609d520,21.7774677,1,1,,
22,Label,4_D.json,b1e13b56-4030-40b3-a8c7-fbc4554e6c18,80a9db3e-b12e-40b6-bd8c-3403b3f95b5e,42.93846,1,4,,
22,Label,4_D.json,7aeefa77-f398-4a26-b615-e50c4d05ba64,699c87e5-1913-4005-8af4-30a1594c3b4a,36.3400574,1,2,,
22,Label,4_D.json,ae59cd40-20ff-4809-8cbb-87c7cc41665c,7293ff9b-1925-445a-9183-2e41e37a521f,60.8654251,1,4,,
22,Label,4_D.json,fdf65cab-a9a0-4e5f-ac35-c3cff2196644,70e69091-6b3c-494f-b40a-8f70d21c9822,30.1726265,1,4,,
22,Label,4_D.json,bee10050-f98c-456a-a684-4435ee88ef00,2aaa51bf-fa75-448d-b2be-bb3237181a53,73.84801,2,3,,
22,Label,4_D.json,5dde3eac-8ee6-4821-99d4-f6e4ae5f7bd2,5375f520-3fc6-4225-b87c-46f569253f85,56.51932,1,2,,
22,Label,4_D.json,c78550a2-290e-4b94-98db-961c2110c668,cf387ad8-c739-40dd-b821-f39edd6640ce,72.39015,2,4,,
22,Pointing,3_B.json,25c3ccdb-26c7-4109-bcfe-730434f9caa9,092263b7-a608-463a-9f1e-ecd74be488d6,46.68717,1,2,,
22,Pointing,3_B.json,1a84f2f7-1739-41af-94ae-9a3c6677e61d,e7af691b-34af-4bae-aa43-761cab09193a,85.23887,2,3,,
22,Pointing,3_B.json,95479aa7-9c98-49e4-817e-727302518dae,fc4ce5e1-90c5-4132-9d23-2b8755b39a86,57.8530045,1,3,,
22,Pointing,3_B.json,cd873fbb-fcc1-43bd-8f04-bb3b2d716af4,dbc1232b-469b-4679-b941-56f67bfdbc6c,125.603912,3,6,,
22,Pointing,3_B.json,2a7b8c63-3775-4bbf-8841-7976b4ccf32f,9b35255b-9651-44da-b8c3-8aa7c1037e47,77.9284439,2,4,,
22,Pointing,3_B.json,4fd86244-384f-4a69-adc8-6fd13c16422c,45b0c422-90db-4e7f-918a-e4a1996fd430,94.2463455,4,3,,
22,Pointing,3_B.json,19e8d0a8-02bf-4644-9732-e4190e13825e,cf87c215-5c4c-43d8-9bb0-79b2beadebe2,61.33753,3,4,,
22,Pointing,3_B.json,4f145d76-f69f-4547-90a7-56281733ca5b,490baa6a-f3b7-4774-b34f-c3ac43e6416f,35.6934242,2,2,,
22,Pointing,3_B.json,fcee09b7-efa4-4e87-956e-553ee7bb3648,2acb5c1f-1404-4aa3-980f-adf13c4777b2,39.894043,1,2,,
22,Pointing,3_B.json,386be10f-0686-4118-928d-b57f06593b2f,81b6a437-610f-4f33-ab37-0b18468fa2bd,67.59401,2,3,,
22,Pointing,3_B.json,9e93766e-b621-4d6e-9927-173ac982bf3a,55105f1a-6845-4f2a-b0ad-694fd0baa4ff,32.1061859,2,2,,
22,Pointing,3_B.json,b3a3afee-32b8-4986-b9e8-16227e2c7bd9,22daf5dd-3115-4a9a-a1d0-5425c531d302,39.6709747,1,1,,
22,P+SR,2_C.json,b594ae95-d981-4868-ae48-3f63eb87087a,e2a8abea-1cb2-4b8c-aa7b-aaf842d622bb,69.80033,1,4,,
22,P+SR,2_C.json,04f5e376-2845-485a-8cb1-c38e3858ff8a,7baae6a7-2521-4146-80bd-2ed67feaf312,32.7713737,1,4,,
22,P+SR,2_C.json,7612d934-759d-4a55-9a58-ef65940b7162,9a3de446-c72e-4557-a543-4e51b41b95ca,46.0314445,1,3,,
22,P+SR,2_C.json,3bc363f5-3c91-4c51-8139-93034b21f3a9,16309ee8-b2ca-4576-8cc2-29b82c99c22e,28.8266983,1,1,,
22,P+SR,2_C.json,b0e9f035-c92f-4dc6-bd0a-a10b2941f902,430c1a2e-1a92-4705-8a31-8f23aba6a555,22.6252365,1,1,,
22,P+SR,2_C.json,e0153245-d5d9-449a-87f1-2a35d3239eef,6c4716cd-314e-4e99-82f8-12d286b75e73,41.8880272,1,6,,
22,P+SR,2_C.json,e81806f6-a4f2-4336-b77b-3407e101bc18,44e5b569-350d-436c-978c-86e6f845edb5,44.8067551,1,3,,
22,P+SR,2_C.json,1ff814e6-7f85-4e81-ad9f-9aababb20e6d,fa1c25a6-a84c-462a-a19e-ebb5c6c5fb96,44.0729179,1,4,,
22,P+SR,2_C.json,ff4748e2-cd97-45bb-bf2c-e5c9c33f78ac,e4d2d588-12f5-4ef6-afad-b532e2885ad3,24.3651676,1,3,,
22,P+SR,2_C.json,3d9e0045-08fb-4a50-b4e5-e4b24c3554c9,f0954457-b0fb-4c5b-8126-77ee71992357,24.2599735,1,2,,
22,P+SR,2_C.json,4e23551b-4fd6-49d6-bc2b-c11836bf2a24,5e28afa5-ea1f-491b-95b3-504c7edc5cf5,24.6239243,1,2,,
22,P+SR,2_C.json,fd995852-c28d-49e9-97b5-9774af3241c3,c5ecb18e-4689-4359-8c4f-6e298675abcd,308.089722,4,6,,
22,SR,1_A.json,2369c5c0-c4bb-4308-a9cd-05a64a69f91a,f9b59f65-ffe0-4ad4-bf8e-bc00ecf43b8e,122.265129,4,6,,
22,SR,1_A.json,d58fe3c1-28a0-4e49-9e2f-e72569f6e61e,139d044b-fb4a-4c63-b873-588056cc96e6,60.5050278,1,4,,
22,SR,1_A.json,0ebd3226-6abe-4b54-8d2f-6c4c8adc1978,5c44940e-237c-4a9d-8b86-4562f9c325c1,169.51442,2,2,,
22,SR,1_A.json,fe0ef0b0-c647-4b3a-b2f6-68a75133a566,223f02ab-0803-4f54-92f0-4da431adb06b,47.7984543,1,1,,
22,SR,1_A.json,8aeed698-e7ee-41ef-bfe7-56f37e2232ab,ae45700c-e7a1-4f57-ab6f-8302143111c9,103.105217,5,3,,
22,SR,1_A.json,137e922c-0877-46af-a797-5a32df2edf5d,abc25210-fe03-4aed-9bd9-bc1e635f5e8e,59.3112335,1,3,,
22,SR,1_A.json,f548cabb-2a47-4399-a702-f76d5d1336df,b0ede4ea-7022-41f3-b1e3-be54193aea79,24.079977,1,2,,
22,SR,1_A.json,81c1a60b-c8ac-4a16-b831-1df68863e61e,cab96209-1b39-4ed5-9a07-e083d021f093,70.0916061,2,3,,
22,SR,1_A.json,c87d383c-41db-4303-8615-9271bbf2465e,83739e8c-b6f8-4b5e-a265-54383cedcd8b,62.687252,2,2,,
22,SR,1_A.json,e2dc0c9a-3e6f-40a4-b8c5-7289c1efe296,51350bc7-a0d3-4e7a-a295-dd7c7d36441d,38.6125526,1,1,,
22,SR,1_A.json,7cbd6f03-54a0-426f-b4ea-d8e0ce58e276,3e1ea76d-4032-43a7-b0f3-8bfa41ce55ee,63.5247,2,6,,
22,SR,1_A.json,eee4a904-a6ad-4369-970f-b656e1f59f12,9fa3d447-0990-481c-84d5-1d377eb4a14c,117.3811,2,2,,
23,Label,4_B.json,19e8d0a8-02bf-4644-9732-e4190e13825e,3e118e33-f7f8-4ba9-8ebf-58654fe4b835,96.1856842,1,4,,
23,Label,4_B.json,1a84f2f7-1739-41af-94ae-9a3c6677e61d,cd4d6fb5-8f3a-4f11-a571-b6c707ae72c8,58.3348732,1,3,,
23,Label,4_B.json,b3a3afee-32b8-4986-b9e8-16227e2c7bd9,fc672020-9e30-4753-9694-60d610db4652,38.981575,1,1,,
23,Label,4_B.json,25c3ccdb-26c7-4109-bcfe-730434f9caa9,4b9a7944-6238-47f6-a039-c2d84492ca73,39.42541,1,2,,
23,Label,4_B.json,fcee09b7-efa4-4e87-956e-553ee7bb3648,cd34c06f-fd9f-41b9-bed3-cbc9285cd3e2,54.4763336,2,2,,
23,Label,4_B.json,386be10f-0686-4118-928d-b57f06593b2f,089e2a50-0f23-4e03-bc92-6215cc73fbf7,122.4727,2,3,,
23,Label,4_B.json,95479aa7-9c98-49e4-817e-727302518dae,470e25d6-3f2a-4eec-a7b1-05f9e59ff7c4,131.122025,3,5,,
23,Label,4_B.json,4f145d76-f69f-4547-90a7-56281733ca5b,16f82f04-4451-4401-b02d-a206037d6055,67.78898,2,3,,
23,Label,4_B.json,4fd86244-384f-4a69-adc8-6fd13c16422c,c726ae96-a92d-4947-ad46-b31d6ce3ab42,146.6469,3,3,,
23,Label,4_B.json,9e93766e-b621-4d6e-9927-173ac982bf3a,67b9e407-97b6-4137-95e7-0751727a6ffe,46.90642,1,2,,
23,Label,4_B.json,cd873fbb-fcc1-43bd-8f04-bb3b2d716af4,86da8b1b-5f57-45e8-bfaa-dd55b557409a,51.769104,1,6,,
23,Label,4_B.json,2a7b8c63-3775-4bbf-8841-7976b4ccf32f,c0e7baff-ccbc-4cf0-a820-2f88089d56b5,157.956284,3,6,,
23,Pointing,3_A.json,137e922c-0877-46af-a797-5a32df2edf5d,860bffc3-0f99-448a-a570-6cd963c2bd54,82.95398,3,3,,
23,Pointing,3_A.json,2369c5c0-c4bb-4308-a9cd-05a64a69f91a,abcb78c6-61c2-4179-8cce-627e42d7fc49,38.8996773,2,6,,
23,Pointing,3_A.json,0ebd3226-6abe-4b54-8d2f-6c4c8adc1978,15cf93ff-f679-483b-86fc-1c54254aa78c,33.3610725,2,2,,
23,Pointing,3_A.json,fe0ef0b0-c647-4b3a-b2f6-68a75133a566,94c0cf54-36e6-482c-89ad-c41b3881b7ce,26.06476,1,1,,
23,Pointing,3_A.json,7cbd6f03-54a0-426f-b4ea-d8e0ce58e276,2dd11d4e-b37e-4c7e-a6a8-a8742948392f,24.4777584,1,2,,
23,Pointing,3_A.json,d58fe3c1-28a0-4e49-9e2f-e72569f6e61e,a60fa8f8-d723-4358-9988-93035f71bdb9,56.78997,4,4,,
23,Pointing,3_A.json,81c1a60b-c8ac-4a16-b831-1df68863e61e,de2ae45a-df0e-405f-8103-a1e0841c9141,35.73083,2,3,,
23,Pointing,3_A.json,e2dc0c9a-3e6f-40a4-b8c5-7289c1efe296,2c1ce37d-7c29-4b3b-a02e-f59635c6a68e,12.859952,1,1,,
23,Pointing,3_A.json,8aeed698-e7ee-41ef-bfe7-56f37e2232ab,a5e8f5ed-fde4-4635-8c35-3407c746dde5,72.33747,3,3,,
23,Pointing,3_A.json,eee4a904-a6ad-4369-970f-b656e1f59f12,86174392-1b1e-42f9-ae02-43c590c9aa2c,42.3185959,2,2,,
23,Pointing,3_A.json,f548cabb-2a47-4399-a702-f76d5d1336df,49c75caa-dadc-46d1-a8e2-30dbf6c43ff2,14.9945107,1,2,,
23,Pointing,3_A.json,c87d383c-41db-4303-8615-9271bbf2465e,3680f2a4-24b3-4a87-93a0-00260dbd4bd5,28.64488,2,2,,
23,P+SR,2_C.json,e81806f6-a4f2-4336-b77b-3407e101bc18,8635b830-2132-4129-beed-a1888915dfcd,93.6957855,2,3,,
23,P+SR,2_C.json,04f5e376-2845-485a-8cb1-c38e3858ff8a,06018edc-3ddf-4af0-8542-bced34a7b10a,32.7495079,1,4,,
23,P+SR,2_C.json,fd995852-c28d-49e9-97b5-9774af3241c3,01dd2c05-423f-49ca-90c9-1ae55221d294,97.28555,3,6,,
23,P+SR,2_C.json,b594ae95-d981-4868-ae48-3f63eb87087a,20a18a09-53a4-4736-b07d-6e9aff5fe461,62.5843544,1,4,,
23,P+SR,2_C.json,ff4748e2-cd97-45bb-bf2c-e5c9c33f78ac,948c8121-2412-4b9d-8db0-c688d44ab53a,56.88495,1,3,,
23,P+SR,2_C.json,3d9e0045-08fb-4a50-b4e5-e4b24c3554c9,0b87f943-484c-48ec-b972-02d7cc46329a,14.227684,1,2,,
23,P+SR,2_C.json,7612d934-759d-4a55-9a58-ef65940b7162,2f381937-eab7-4bfc-b4ae-d9b958b5e85c,33.16876,1,3,,
23,P+SR,2_C.json,1ff814e6-7f85-4e81-ad9f-9aababb20e6d,a5a23832-6ca9-4330-85cf-e234e78b6f4a,66.583374,1,4,,
23,P+SR,2_C.json,e0153245-d5d9-449a-87f1-2a35d3239eef,db405131-1bab-4983-acb2-774967dc3024,45.38237,1,6,,
23,P+SR,2_C.json,4e23551b-4fd6-49d6-bc2b-c11836bf2a24,844c5907-2306-4a39-9341-c2d70d855b83,32.4090424,1,2,,
23,P+SR,2_C.json,3bc363f5-3c91-4c51-8139-93034b21f3a9,f3be5e91-3149-4697-972a-d5252d5f85d7,12.0419779,1,1,,
23,P+SR,2_C.json,b0e9f035-c92f-4dc6-bd0a-a10b2941f902,0508abcf-0ae7-46f2-afc3-1ccd3c8c4768,24.2640228,1,1,,
23,SR,1_B.json,1a84f2f7-1739-41af-94ae-9a3c6677e61d,9d389090-fc24-45b5-85b2-5067aaeeea95,84.98539,2,3,,
23,SR,1_B.json,386be10f-0686-4118-928d-b57f06593b2f,34934ca6-1a7e-4311-895d-73df84ec48e1,32.9234,1,3,,
23,SR,1_B.json,b3a3afee-32b8-4986-b9e8-16227e2c7bd9,d018ab73-cd72-43ec-8789-f48995810cfd,65.05295,3,2,,
23,SR,1_B.json,25c3ccdb-26c7-4109-bcfe-730434f9caa9,a321730e-902d-4211-a3fc-58875bdebc39,29.3557663,1,2,,
23,SR,1_B.json,4fd86244-384f-4a69-adc8-6fd13c16422c,110adca3-2f6c-40db-9d8e-8c850a012ba4,68.61888,2,3,,
23,SR,1_B.json,19e8d0a8-02bf-4644-9732-e4190e13825e,e59a3a78-c60c-402e-9e96-ec0b3b89fec0,137.282959,2,6,,
23,SR,1_B.json,cd873fbb-fcc1-43bd-8f04-bb3b2d716af4,c7ff8433-15ea-433b-8350-3e1ea06c9f9d,49.79069,1,9,,
23,SR,1_B.json,95479aa7-9c98-49e4-817e-727302518dae,0683cdf9-1da1-4af4-b805-638a9487ddd7,122.479095,3,5,,
23,SR,1_B.json,2a7b8c63-3775-4bbf-8841-7976b4ccf32f,1916991c-cfc0-4ff1-92cc-91d94ccd0c2f,157.764557,2,5,,
23,SR,1_B.json,4f145d76-f69f-4547-90a7-56281733ca5b,ab73086a-39d7-4b30-82ef-ae06d6e27e30,57.1945839,2,2,,
23,SR,1_B.json,fcee09b7-efa4-4e87-956e-553ee7bb3648,a24bbd56-0ae6-4292-a675-3b6c8d655491,30.2077465,1,2,,
23,SR,1_B.json,9e93766e-b621-4d6e-9927-173ac982bf3a,a4a35449-2e2a-4bd7-8bad-7592b96fd47b,38.3513145,2,2,,
24,Label,4_D.json,b1e13b56-4030-40b3-a8c7-fbc4554e6c18,d6198e2b-5aa9-47b0-b224-61d66629c882,0.0,3,6,,
24,Label,4_D.json,bee10050-f98c-456a-a684-4435ee88ef00,4c34add5-be14-415d-a4c7-97570158f842,149.521469,1,3,,
24,Label,4_D.json,2e919b0d-6d84-4641-a535-930a7ca6c8b7,dcd6ca02-d415-41d3-8b10-7118c747ccda,102.074295,1,3,,
24,Label,4_D.json,fdf65cab-a9a0-4e5f-ac35-c3cff2196644,e0496f7a-42b3-432a-ac81-462c0bedfa90,132.495956,3,4,,
24,Label,4_D.json,c78550a2-290e-4b94-98db-961c2110c668,acb424d5-1ea2-4b9c-b671-d8be5eac2368,32.3237534,1,2,,
24,Label,4_D.json,79dc7e7b-d1c7-4237-908d-f541b20406d4,4cbee07f-a05f-48d1-9c04-33184b713fbd,37.61232,1,1,,
24,Label,4_D.json,5dde3eac-8ee6-4821-99d4-f6e4ae5f7bd2,c670dd2a-e485-4c78-8b9d-858e612187ed,81.24341,1,2,,
24,Label,4_D.json,2d0b42ad-6703-463c-81b3-4ee4d0c8b347,64787a68-79e4-424e-9e05-d4e039263a90,25.8721581,1,1,,
24,Label,4_D.json,09ff7f59-f6d6-4c54-9955-f1b4bfd11225,d398343c-4546-41cf-ad84-68ee29e37df2,24.8348179,1,3,,
24,Label,4_D.json,7aeefa77-f398-4a26-b615-e50c4d05ba64,eed3e086-7ba8-4fb7-b9f7-fe3e8ca3de86,45.4833832,1,2,,
24,Label,4_D.json,ae59cd40-20ff-4809-8cbb-87c7cc41665c,a8713bba-4063-4e34-a7fb-6fe9d052fca5,83.05845,1,3,,
24,Label,4_D.json,40573e58-0087-4bb3-9ed7-d18a24a35b78,a8ac2b85-bef7-40da-b3f9-50f632c8970f,103.48716,1,9,,
24,P+SR,2_A.json,8aeed698-e7ee-41ef-bfe7-56f37e2232ab,3aa18c55-4640-4577-aa9d-0fb4093c53d2,83.64572,2,3,,
24,P+SR,2_A.json,d58fe3c1-28a0-4e49-9e2f-e72569f6e61e,ebcdb772-f561-4e8e-8ddf-58079e376def,67.28252,3,4,,
24,P+SR,2_A.json,81c1a60b-c8ac-4a16-b831-1df68863e61e,a5053629-2020-4298-831a-9b3e62f561e5,65.9115753,2,3,,
24,P+SR,2_A.json,7cbd6f03-54a0-426f-b4ea-d8e0ce58e276,a09522f3-e710-43d2-8b4c-95766bfacae8,41.772686,1,2,,
24,P+SR,2_A.json,0ebd3226-6abe-4b54-8d2f-6c4c8adc1978,b66cba8b-8e69-4780-88bf-c8aace2583a5,54.45838,1,2,,
24,P+SR,2_A.json,c87d383c-41db-4303-8615-9271bbf2465e,2b959b89-a335-4398-a827-2abc15cdc8d9,32.4561157,1,2,,
24,P+SR,2_A.json,eee4a904-a6ad-4369-970f-b656e1f59f12,96c58380-d569-45b3-9f08-c2fce96b8096,34.341156,1,2,,
24,P+SR,2_A.json,2369c5c0-c4bb-4308-a9cd-05a64a69f91a,08417190-eadd-449c-9ef9-d7872cef1c81,145.170319,1,2,,
24,P+SR,2_A.json,f548cabb-2a47-4399-a702-f76d5d1336df,95a75e59-7f49-45fa-ac91-5e0c990e633b,25.1159878,1,2,,
24,P+SR,2_A.json,137e922c-0877-46af-a797-5a32df2edf5d,2a13038e-1465-4b01-9e8b-fbc786ff8dd7,42.18146,1,3,,
24,P+SR,2_A.json,e2dc0c9a-3e6f-40a4-b8c5-7289c1efe296,9f7b4b2c-d879-41e4-8a57-bd0d62f114d8,25.88497,1,1,,
24,P+SR,2_A.json,fe0ef0b0-c647-4b3a-b2f6-68a75133a566,f929d503-521f-4fbf-9ab7-cff777b9ae50,18.1903648,1,1,,
24,Pointing,3_B.json,4fd86244-384f-4a69-adc8-6fd13c16422c,1ef0f396-927d-4810-bbe1-9c68403c6f88,148.9125,2,1,,
24,Pointing,3_B.json,386be10f-0686-4118-928d-b57f06593b2f,2544d061-5617-49ad-a21e-39b7da2adbf8,32.1639061,3,3,,
24,Pointing,3_B.json,95479aa7-9c98-49e4-817e-727302518dae,f5d7c22e-5d0e-46ee-9861-f98b5f8eb145,38.69888,1,3,,
24,Pointing,3_B.json,fcee09b7-efa4-4e87-956e-553ee7bb3648,be8932fa-48bf-4d44-a570-a44e86bd299f,57.27354,2,2,,
24,Pointing,3_B.json,b3a3afee-32b8-4986-b9e8-16227e2c7bd9,385bea61-d140-4683-b81c-d38333b10e40,19.08485,1,1,,
24,Pointing,3_B.json,2a7b8c63-3775-4bbf-8841-7976b4ccf32f,dc1af3d9-4d88-4a69-b823-9b7fc10d389c,23.3152161,1,4,,
24,Pointing,3_B.json,9e93766e-b621-4d6e-9927-173ac982bf3a,5646dad8-3cd2-4442-b0ac-04ccf9e0e036,59.0574646,2,2,,
24,Pointing,3_B.json,1a84f2f7-1739-41af-94ae-9a3c6677e61d,3fdedf2e-17e4-4f70-96ea-2d5e2890eaac,24.3890076,2,3,,
24,Pointing,3_B.json,cd873fbb-fcc1-43bd-8f04-bb3b2d716af4,c60bb351-aa86-4e3d-9316-76d329455351,23.5549126,2,6,,
24,Pointing,3_B.json,19e8d0a8-02bf-4644-9732-e4190e13825e,2d78dedc-b025-4f19-a7af-60a02f32a1f6,21.2347031,2,4,,
24,Pointing,3_B.json,4f145d76-f69f-4547-90a7-56281733ca5b,f8d4c720-1483-43ba-ac10-a5be9609bc38,22.6762714,2,2,,
24,Pointing,3_B.json,25c3ccdb-26c7-4109-bcfe-730434f9caa9,aaa5804d-df21-43c7-a8fe-6b348d414a6e,20.0055313,1,2,,
24,SR,1_C.json,04f5e376-2845-485a-8cb1-c38e3858ff8a,fababbc8-01d8-4dc4-aee0-e4f57e68cbb7,94.50547,1,4,,
24,SR,1_C.json,3d9e0045-08fb-4a50-b4e5-e4b24c3554c9,577ac869-2cb5-4e6c-911d-17c99a70282f,51.6802,1,2,,
24,SR,1_C.json,fd995852-c28d-49e9-97b5-9774af3241c3,853b2704-b6b5-4e80-b847-b51acc8a94d4,87.47345,1,6,,
24,SR,1_C.json,b594ae95-d981-4868-ae48-3f63eb87087a,4ab2b8ce-3b40-4b7a-96b1-0d12a13b68d0,78.7637253,1,4,,
24,SR,1_C.json,e0153245-d5d9-449a-87f1-2a35d3239eef,33b17eaa-5392-485e-a99e-8dfee9012d1a,41.2624741,1,6,,
24,SR,1_C.json,e81806f6-a4f2-4336-b77b-3407e101bc18,5c1ebef6-0e59-4c53-b7d8-7070516837c9,80.30552,1,5,,
24,SR,1_C.json,3bc363f5-3c91-4c51-8139-93034b21f3a9,2f1e696b-811a-4b5d-acdd-ff0c4609ac74,27.2422543,1,1,,
24,SR,1_C.json,7612d934-759d-4a55-9a58-ef65940b7162,e5a7634c-ac88-4205-ad2e-c0eff955345f,43.1488457,1,2,,
24,SR,1_C.json,b0e9f035-c92f-4dc6-bd0a-a10b2941f902,a1406356-109d-4506-8adb-fcc268fb0e38,26.3137817,1,1,,
24,SR,1_C.json,1ff814e6-7f85-4e81-ad9f-9aababb20e6d,ff3144a4-6dbb-4905-a07a-ea864b8c7c5b,59.5345879,1,4,,
24,SR,1_C.json,ff4748e2-cd97-45bb-bf2c-e5c9c33f78ac,4a35531f-0596-46ee-8389-74188c1a6fe6,30.9871178,1,3,,
24,SR,1_C.json,4e23551b-4fd6-49d6-bc2b-c11836bf2a24,dfcde3f4-29ae-43a7-b762-036d5016cb2a,31.5556183,1,2,,
3,P+SR,2_D.json,2d0b42ad-6703-463c-81b3-4ee4d0c8b347,0ae39357-1443-4563-885b-09855d4219f0,40.396904,1,1,,
3,P+SR,2_D.json,c78550a2-290e-4b94-98db-961c2110c668,aa193d44-ec03-44f9-b77a-bfb59ca9d8e8,53.3739433,1,4,,
3,P+SR,2_D.json,5dde3eac-8ee6-4821-99d4-f6e4ae5f7bd2,6330793c-208b-4128-a408-9d95a47bd5ad,45.8651466,1,2,,
3,P+SR,2_D.json,7aeefa77-f398-4a26-b615-e50c4d05ba64,d702faf1-068e-4932-bb16-5af6c9cf4131,35.3795471,1,2,,
3,P+SR,2_D.json,fdf65cab-a9a0-4e5f-ac35-c3cff2196644,b3623c7d-09fa-443d-8d73-58a75355a3d8,28.113039,1,4,,
3,P+SR,2_D.json,09ff7f59-f6d6-4c54-9955-f1b4bfd11225,2fa7916c-a185-4e30-ad14-cada26f9ec55,23.7397385,1,3,,
3,P+SR,2_D.json,ae59cd40-20ff-4809-8cbb-87c7cc41665c,619ff820-dc2d-4bca-ab81-66adfa1f34e9,42.09797,1,4,,
3,P+SR,2_D.json,b1e13b56-4030-40b3-a8c7-fbc4554e6c18,e16c7f9f-31fb-4438-98c8-8d3a16f321f7,33.8355,1,4,,
3,P+SR,2_D.json,bee10050-f98c-456a-a684-4435ee88ef00,9ce06033-7c99-4166-8d8a-2da9ed26f02e,37.5562553,1,3,,
3,P+SR,2_D.json,79dc7e7b-d1c7-4237-908d-f541b20406d4,27b6ad12-d280-418e-a388-8d08e105bab3,124.606018,1,1,,
3,P+SR,2_D.json,2e919b0d-6d84-4641-a535-930a7ca6c8b7,e8a57108-6c3a-4aba-893f-3ebfa85c8d6a,36.78621,1,3,,
3,P+SR,2_D.json,40573e58-0087-4bb3-9ed7-d18a24a35b78,6406bc57-a6b6-4154-9242-1681993b2114,52.7560959,1,9,,
3,Label,4_B.json,1a84f2f7-1739-41af-94ae-9a3c6677e61d,4bd0d1ab-2224-4880-aadb-888a49c6e072,106.158676,5,3,,
3,Label,4_B.json,b3a3afee-32b8-4986-b9e8-16227e2c7bd9,7379cb63-24f2-4292-b8ad-a4cffaa53feb,134.414566,5,3,,
3,Label,4_B.json,9e93766e-b621-4d6e-9927-173ac982bf3a,9df02e26-2cb0-482e-b0a8-2be84482fbbf,51.55732,3,2,,
3,Label,4_B.json,19e8d0a8-02bf-4644-9732-e4190e13825e,b943a5bb-477f-49f2-b0d2-0b98a6621254,43.10014,2,4,,
3,Label,4_B.json,fcee09b7-efa4-4e87-956e-553ee7bb3648,10378060-bb5a-4b0c-bac0-7e2645498a7b,36.4059448,1,2,,
3,Label,4_B.json,cd873fbb-fcc1-43bd-8f04-bb3b2d716af4,a89f4aaa-7aae-4369-a19e-6eb2f24e97e9,62.31572,3,6,,
3,Label,4_B.json,4f145d76-f69f-4547-90a7-56281733ca5b,435e92d0-888e-4f6e-92e6-b90decccfe79,145.9042,5,3,,
3,Label,4_B.json,4fd86244-384f-4a69-adc8-6fd13c16422c,33ec3f30-4266-4bbb-93ba-0a250ae9bab5,73.0436,3,3,,
3,Label,4_B.json,386be10f-0686-4118-928d-b57f06593b2f,ede22e92-af17-4459-8cef-184be9487a43,83.9272,2,3,,
3,Label,4_B.json,2a7b8c63-3775-4bbf-8841-7976b4ccf32f,54339f26-d2e3-48f7-9520-5019cda4993e,117.433311,5,4,,
3,Label,4_B.json,95479aa7-9c98-49e4-817e-727302518dae,a0cd1a78-1d5c-4468-b5c9-709036d46553,44.881424,2,4,,
3,Label,4_B.json,25c3ccdb-26c7-4109-bcfe-730434f9caa9,fa7770cb-2475-47b1-a0ec-b005ef9e7f24,54.1421776,2,4,,
3,SR,1_C.json,04f5e376-2845-485a-8cb1-c38e3858ff8a,a5a9d6c7-fbd0-4bc8-82b7-514d660dad42,74.23094,1,4,,
3,SR,1_C.json,fd995852-c28d-49e9-97b5-9774af3241c3,d53ea6dd-cb6f-4526-ad3e-a1ab86c26534,267.9742,4,6,,
3,SR,1_C.json,b594ae95-d981-4868-ae48-3f63eb87087a,5d7bab23-43e8-4c89-a349-6a4adacdc86e,99.01288,2,4,,
3,SR,1_C.json,e0153245-d5d9-449a-87f1-2a35d3239eef,46c1d0a5-72e6-474b-866e-b2f036c92128,95.2831955,2,6,,
3,SR,1_C.json,e81806f6-a4f2-4336-b77b-3407e101bc18,8394f549-0cb6-4e2c-bdba-daed471466ef,266.220917,5,5,,
3,SR,1_C.json,3bc363f5-3c91-4c51-8139-93034b21f3a9,9d4039a4-c666-4fe4-8c7a-7c1620c6f374,96.19136,4,5,,
3,SR,1_C.json,7612d934-759d-4a55-9a58-ef65940b7162,9cb61ae0-ef9b-448c-a70d-115bd2c91c28,217.160126,4,7,,
3,SR,1_C.json,b0e9f035-c92f-4dc6-bd0a-a10b2941f902,4f0951a8-88ec-4104-a2ac-e05b1080e1ea,26.4541531,1,1,,
3,SR,1_C.json,1ff814e6-7f85-4e81-ad9f-9aababb20e6d,71ba3fa9-1b1b-42b7-8f97-1c3881c46042,353.365784,12,5,,
3,SR,1_C.json,ff4748e2-cd97-45bb-bf2c-e5c9c33f78ac,cf973f09-0720-4cfe-892b-1a6e7a5ccfd7,41.8973579,1,3,,
3,SR,1_C.json,4e23551b-4fd6-49d6-bc2b-c11836bf2a24,5de51fde-7be6-429e-8867-d9037795e67e,138.36145,3,2,,
3,SR,1_C.json,3d9e0045-08fb-4a50-b4e5-e4b24c3554c9,869474e5-11e7-4491-bd4b-d0076f46a28a,24.0057144,1,2,,
3,Pointing,3_A.json,2369c5c0-c4bb-4308-a9cd-05a64a69f91a,6ae20c14-138c-4705-a620-e4aee28dfb47,110.379768,2,6,,
3,Pointing,3_A.json,0ebd3226-6abe-4b54-8d2f-6c4c8adc1978,fb9325aa-1f3f-47d2-b53e-b7404cd7a19c,63.75793,2,2,,
3,Pointing,3_A.json,eee4a904-a6ad-4369-970f-b656e1f59f12,faf66844-e676-4cd4-be07-3aebbeb6cbae,36.319767,2,2,,
3,Pointing,3_A.json,137e922c-0877-46af-a797-5a32df2edf5d,d18ebc26-8f16-4c0b-9a64-1dcd70da12f1,48.0620766,3,3,,
3,Pointing,3_A.json,7cbd6f03-54a0-426f-b4ea-d8e0ce58e276,3f94d255-e58e-47b3-bc0d-89fa2884d845,23.91353,1,2,,
3,Pointing,3_A.json,f548cabb-2a47-4399-a702-f76d5d1336df,732e02d2-7c0d-42fe-9616-48991386d028,22.462471,1,2,,
3,Pointing,3_A.json,e2dc0c9a-3e6f-40a4-b8c5-7289c1efe296,a964797d-eaee-4886-b6b5-7ef9e71d489f,22.88566,1,1,,
3,Pointing,3_A.json,8aeed698-e7ee-41ef-bfe7-56f37e2232ab,c37618fc-efc0-4665-b556-47df373aa28b,61.56123,4,3,,
3,Pointing,3_A.json,d58fe3c1-28a0-4e49-9e2f-e72569f6e61e,af424b7d-82ba-4e3d-a5b3-e025cedebc95,53.34839,3,4,,
3,Pointing,3_A.json,c87d383c-41db-4303-8615-9271bbf2465e,d3a0ba24-7743-47f8-8431-c97449e5b0fd,36.5518227,2,2,,
3,Pointing,3_A.json,81c1a60b-c8ac-4a16-b831-1df68863e61e,c7e33ed9-3878-4ca5-b2a5-2184d45b1b5b,40.434597,2,3,,
3,Pointing,3_A.json,fe0ef0b0-c647-4b3a-b2f6-68a75133a566,40bb0858-b9a3-4712-bc76-d50d3eb4e925,17.907917,1,1,,
4,Pointing,3_D.json,79dc7e7b-d1c7-4237-908d-f541b20406d4,622405c3-6bf4-4dd7-8e78-94688d236c2d,23.2668114,1,1,,
4,Pointing,3_D.json,09ff7f59-f6d6-4c54-9955-f1b4bfd11225,d64bc004-eb3d-4bf7-bc0a-e951d83c67ad,20.2059078,1,3,,
4,Pointing,3_D.json,5dde3eac-8ee6-4821-99d4-f6e4ae5f7bd2,282e6e3b-2675-4e72-9f74-fdd218e101e1,34.5857735,2,2,,
4,Pointing,3_D.json,bee10050-f98c-456a-a684-4435ee88ef00,df006988-e393-4c1e-87dd-f343d8048f64,45.4290237,3,3,,
4,Pointing,3_D.json,c78550a2-290e-4b94-98db-961c2110c668,bc31a13e-f0c1-47a3-8bb0-ecfb271a1b19,28.1743488,2,4,,
4,Pointing,3_D.json,b1e13b56-4030-40b3-a8c7-fbc4554e6c18,412b1329-d0b8-4e3a-9f1f-41953aac6daf,41.9554329,3,4,,
4,Pointing,3_D.json,2e919b0d-6d84-4641-a535-930a7ca6c8b7,afe6f2ff-8929-44e6-83e7-d1ce88c478d7,61.49721,3,3,,
4,Pointing,3_D.json,2d0b42ad-6703-463c-81b3-4ee4d0c8b347,6ed367f0-2b0c-4209-b7c0-ee7d1b2f0df8,18.3087273,1,1,,
4,Pointing,3_D.json,40573e58-0087-4bb3-9ed7-d18a24a35b78,bf8fd7b7-5e41-4762-88b6-1e311cdc24fc,38.57627,3,9,,
4,Pointing,3_D.json,7aeefa77-f398-4a26-b615-e50c4d05ba64,995e58eb-4f1b-4de2-89c0-a1c74b84a725,29.0460014,2,2,,
4,Pointing,3_D.json,fdf65cab-a9a0-4e5f-ac35-c3cff2196644,261170b1-0426-45fc-8d5d-c265059ed74c,22.9396076,1,4,,
4,Pointing,3_D.json,ae59cd40-20ff-4809-8cbb-87c7cc41665c,fcf0abfc-55c8-4c40-92b3-baa11e45adb4,35.8655472,2,4,,
4,Label,4_C.json,b0e9f035-c92f-4dc6-bd0a-a10b2941f902,dfde7486-8ddf-484c-bc5d-3a61bc0691ee,67.01313,2,1,,
4,Label,4_C.json,3bc363f5-3c91-4c51-8139-93034b21f3a9,0e7ed404-0296-4b76-851a-17f09920bb52,24.7190113,1,1,,
4,Label,4_C.json,4e23551b-4fd6-49d6-bc2b-c11836bf2a24,4caeea3f-cf5f-46ce-b590-b3373a1fa2f1,64.17912,1,2,,
4,Label,4_C.json,3d9e0045-08fb-4a50-b4e5-e4b24c3554c9,95fe80f6-183a-447c-b6f1-808b8c171645,39.43218,1,2,,
4,Label,4_C.json,fd995852-c28d-49e9-97b5-9774af3241c3,1ffd552e-21e1-479d-85ff-2327ffe0f739,148.858734,2,6,,
4,Label,4_C.json,e0153245-d5d9-449a-87f1-2a35d3239eef,cb320fd4-2ae4-43ad-9744-a77e7c500105,65.67649,1,6,,
4,Label,4_C.json,7612d934-759d-4a55-9a58-ef65940b7162,dbd6a77f-61b3-4eed-af06-64b05deb1c46,45.9068756,1,3,,
4,Label,4_C.json,04f5e376-2845-485a-8cb1-c38e3858ff8a,3f19d09b-abfb-4a01-a600-8273a3d9b968,162.2383,2,4,,
4,Label,4_C.json,b594ae95-d981-4868-ae48-3f63eb87087a,b01d23d9-943b-4c6b-9a0a-18c793df5057,83.76952,2,4,,
4,Label,4_C.json,e81806f6-a4f2-4336-b77b-3407e101bc18,e73dc1e7-8ca1-463d-839a-e101da69cf79,133.487869,2,3,,
4,Label,4_C.json,ff4748e2-cd97-45bb-bf2c-e5c9c33f78ac,bc149439-1993-46cc-8d48-19f5f9c5e8f2,43.7238426,1,3,,
4,Label,4_C.json,1ff814e6-7f85-4e81-ad9f-9aababb20e6d,3fc56ad1-476a-4084-94b8-3f04675f7192,137.567688,1,4,,
4,P+SR,2_B.json,2a7b8c63-3775-4bbf-8841-7976b4ccf32f,2d33b1c5-6c35-4b67-a77b-06759203ea15,123.229881,3,4,,
4,P+SR,2_B.json,cd873fbb-fcc1-43bd-8f04-bb3b2d716af4,d2d76e7e-992e-4119-8884-34f1ddd6ff0e,81.7249451,1,6,,
4,P+SR,2_B.json,9e93766e-b621-4d6e-9927-173ac982bf3a,95296d3a-beb4-4f87-b29f-c3c52ed0a792,45.2496262,1,2,,
4,P+SR,2_B.json,386be10f-0686-4118-928d-b57f06593b2f,3052607c-d30b-4761-8b48-24a9804bee5a,57.2065735,1,3,,
4,P+SR,2_B.json,b3a3afee-32b8-4986-b9e8-16227e2c7bd9,6f46c820-6d92-4378-a32c-5e810ffa9451,21.3586121,1,1,,
4,P+SR,2_B.json,4fd86244-384f-4a69-adc8-6fd13c16422c,f59e686d-9223-463b-ae7e-f7f0aa64ac38,39.1467323,1,3,,
4,P+SR,2_B.json,95479aa7-9c98-49e4-817e-727302518dae,33c7be76-d3c6-437c-9e7d-e54ed7479bd9,23.217,1,3,,
4,P+SR,2_B.json,1a84f2f7-1739-41af-94ae-9a3c6677e61d,8e1c8963-b7f2-4974-b74b-abf307278243,28.714901,1,3,,
4,P+SR,2_B.json,25c3ccdb-26c7-4109-bcfe-730434f9caa9,65604746-11a3-43cf-b3fb-33c26cd3c970,21.5724888,1,2,,
4,P+SR,2_B.json,19e8d0a8-02bf-4644-9732-e4190e13825e,eb1b1fab-f086-400e-a308-5070b3c86d31,45.3812523,2,4,,
4,P+SR,2_B.json,fcee09b7-efa4-4e87-956e-553ee7bb3648,e4f5df6b-039a-411b-9223-11ef1567856d,23.968401,1,2,,
4,P+SR,2_B.json,4f145d76-f69f-4547-90a7-56281733ca5b,23eb1368-0807-4ebc-ae29-326e23af28af,22.83236,1,2,,
4,SR,1_A.json,2369c5c0-c4bb-4308-a9cd-05a64a69f91a,63205b69-2f35-4be5-b9cb-79f8fcc62f91,94.82124,6,6,,
4,SR,1_A.json,d58fe3c1-28a0-4e49-9e2f-e72569f6e61e,046e30a9-fee7-45fe-be93-83b281671db1,61.8121872,4,4,,
4,SR,1_A.json,0ebd3226-6abe-4b54-8d2f-6c4c8adc1978,e72a6459-bcb0-4c29-9163-7b33fc411eb8,94.7528152,2,2,,
4,SR,1_A.json,fe0ef0b0-c647-4b3a-b2f6-68a75133a566,4cf0fc29-f970-483b-ba03-42399f7ca518,56.41617,3,2,,
4,SR,1_A.json,8aeed698-e7ee-41ef-bfe7-56f37e2232ab,a296c535-1875-4456-93de-8e9343a0e7c7,165.769821,2,3,,
4,SR,1_A.json,137e922c-0877-46af-a797-5a32df2edf5d,79849b2e-9d88-4b4d-bbe9-c55f57c196ea,71.40555,1,3,,
4,SR,1_A.json,f548cabb-2a47-4399-a702-f76d5d1336df,63002d6d-e396-4786-a4ff-e96796d5fc3d,28.4271259,1,3,,
4,SR,1_A.json,81c1a60b-c8ac-4a16-b831-1df68863e61e,dbf542f1-2d5c-4873-965b-a474be363450,240.646942,9,3,,
4,SR,1_A.json,c87d383c-41db-4303-8615-9271bbf2465e,1e4f307e-fd77-46f3-b472-04321752db25,41.28562,2,2,,
4,SR,1_A.json,e2dc0c9a-3e6f-40a4-b8c5-7289c1efe296,30589fe0-4a4a-41f5-98d0-80850094efc3,63.32968,1,1,,
4,SR,1_A.json,7cbd6f03-54a0-426f-b4ea-d8e0ce58e276,78ed60d9-27de-4ddf-8800-017739332faa,45.8912468,2,2,,
4,SR,1_A.json,eee4a904-a6ad-4369-970f-b656e1f59f12,a6929075-c00b-4119-8993-0d0af851f1b2,88.36287,2,2,,
5,Pointing,3_D.json,2e919b0d-6d84-4641-a535-930a7ca6c8b7,d1c306e4-c61d-4cd9-8a30-531119fd18e4,82.83906,4,3,,
5,Pointing,3_D.json,bee10050-f98c-456a-a684-4435ee88ef00,6b5063a3-6e47-4ebc-be18-90ea9bce89b1,33.1635323,3,3,,
5,Pointing,3_D.json,79dc7e7b-d1c7-4237-908d-f541b20406d4,3371a547-6e8c-43ef-8619-4b1da78992c3,19.8262138,1,1,,
5,Pointing,3_D.json,ae59cd40-20ff-4809-8cbb-87c7cc41665c,4253f31f-f472-439a-9298-279b7a0af31a,28.3419323,2,4,,
5,Pointing,3_D.json,5dde3eac-8ee6-4821-99d4-f6e4ae5f7bd2,9250decb-9b55-42e1-9bc2-c690b579c7e6,26.9722748,3,2,,
5,Pointing,3_D.json,2d0b42ad-6703-463c-81b3-4ee4d0c8b347,6ff4df8f-da4e-46c9-a183-c80eb05650df,28.5986214,1,1,,
5,Pointing,3_D.json,09ff7f59-f6d6-4c54-9955-f1b4bfd11225,0fe26891-d5ec-461a-964d-62a1bb8c5bd1,36.5498428,2,3,,
5,Pointing,3_D.json,fdf65cab-a9a0-4e5f-ac35-c3cff2196644,fb193b98-3703-4db7-b556-18a4638d4745,13.7378769,1,4,,
5,Pointing,3_D.json,7aeefa77-f398-4a26-b615-e50c4d05ba64,b6e4008a-62f0-44ad-b22c-007f80e052f1,12.498147,1,1,,
5,Pointing,3_D.json,c78550a2-290e-4b94-98db-961c2110c668,53f3542e-8cc1-4733-8332-4a98e7a051ac,30.3332329,2,4,,
5,Pointing,3_D.json,40573e58-0087-4bb3-9ed7-d18a24a35b78,82722866-8d50-4636-a6d0-e2c4d638740e,116.618156,8,9,,
5,Pointing,3_D.json,b1e13b56-4030-40b3-a8c7-fbc4554e6c18,ac477ae2-e64d-490c-b2f7-8ef7a6ba9f7c,23.3735123,2,4,,
5,Label,4_A.json,81c1a60b-c8ac-4a16-b831-1df68863e61e,277a2471-f420-4364-a279-e6af614bccbf,27.937891,1,1,,
5,Label,4_A.json,d58fe3c1-28a0-4e49-9e2f-e72569f6e61e,52c9f1ef-da53-46de-aa79-5aa6918ab271,66.08869,4,4,,
5,Label,4_A.json,c87d383c-41db-4303-8615-9271bbf2465e,279d6777-c529-41a2-a35b-452c2a900fce,19.24799,1,2,,
5,Label,4_A.json,e2dc0c9a-3e6f-40a4-b8c5-7289c1efe296,31d810de-ae72-4c3c-b0a0-d0246627d9a2,29.4655476,1,1,,
5,Label,4_A.json,eee4a904-a6ad-4369-970f-b656e1f59f12,87512fce-9f46-40e7-90fb-95e801cbcd5f,37.6193657,2,2,,
5,Label,4_A.json,2369c5c0-c4bb-4308-a9cd-05a64a69f91a,1ad65aca-6cde-4348-9723-b7b1f3536398,52.77413,2,6,,
5,Label,4_A.json,f548cabb-2a47-4399-a702-f76d5d1336df,aa8c0c28-e15f-4cd9-be22-86d35adf69ce,32.9700737,2,3,,
5,Label,4_A.json,7cbd6f03-54a0-426f-b4ea-d8e0ce58e276,d8703088-947b-4354-8da1-3b57a00067ab,42.6232567,4,2,,
5,Label,4_A.json,137e922c-0877-46af-a797-5a32df2edf5d,44ed914f-33e2-4d76-862f-38c9b5792400,44.2072334,2,3,,
5,Label,4_A.json,0ebd3226-6abe-4b54-8d2f-6c4c8adc1978,bad0e889-3792-4573-9959-2a898a0f5831,24.1452274,1,2,,
5,Label,4_A.json,fe0ef0b0-c647-4b3a-b2f6-68a75133a566,aaad5ca9-1d3e-45bc-9766-b0ea812940e5,10.8626175,1,1,,
5,Label,4_A.json,8aeed698-e7ee-41ef-bfe7-56f37e2232ab,ae95c1f2-da2d-46bc-9f75-25916c5643eb,84.5671844,5,3,,
5,P+SR,2_C.json,7612d934-759d-4a55-9a58-ef65940b7162,06301c5e-382f-47c6-b1ce-30866ef29c76,70.30256,1,3,,
5,P+SR,2_C.json,3d9e0045-08fb-4a50-b4e5-e4b24c3554c9,2e736e03-b732-4d8f-a6a2-2a70bc67ca45,18.3220482,1,2,,
5,P+SR,2_C.json,b0e9f035-c92f-4dc6-bd0a-a10b2941f902,8f83d2d7-2c28-497e-8de0-1f2b66b51082,15.7775517,1,1,,
5,P+SR,2_C.json,1ff814e6-7f85-4e81-ad9f-9aababb20e6d,2d8388ce-9574-41fa-9adb-42c6929ba7ec,32.41846,1,4,,
5,P+SR,2_C.json,4e23551b-4fd6-49d6-bc2b-c11836bf2a24,a8e68cd0-70a8-4de5-ae3b-bdaa5a07cbb1,24.9259777,1,2,,
5,P+SR,2_C.json,04f5e376-2845-485a-8cb1-c38e3858ff8a,fda0b072-d031-44f2-87f9-439995192d46,26.6448421,1,4,,
5,P+SR,2_C.json,3bc363f5-3c91-4c51-8139-93034b21f3a9,f9cc06cd-4555-4b88-8aca-c544570b8143,13.2370415,1,1,,
5,P+SR,2_C.json,ff4748e2-cd97-45bb-bf2c-e5c9c33f78ac,e6738053-8715-4611-84c1-ca9003b53a23,40.0212669,2,3,,
5,P+SR,2_C.json,e81806f6-a4f2-4336-b77b-3407e101bc18,e586aed1-7d96-449b-9ccb-9d28205a114d,18.50713,1,3,,
5,P+SR,2_C.json,fd995852-c28d-49e9-97b5-9774af3241c3,43faf9ac-1f24-4cfa-9a87-dc087b750a87,68.99045,4,6,,
5,P+SR,2_C.json,b594ae95-d981-4868-ae48-3f63eb87087a,961c5b6a-ef4c-4cee-9a44-9d1555585152,26.922533,1,4,,
5,P+SR,2_C.json,e0153245-d5d9-449a-87f1-2a35d3239eef,01bcae67-0359-4c20-bd26-e25cc1755e36,25.713047,1,6,,
5,SR,1_B.json,1a84f2f7-1739-41af-94ae-9a3c6677e61d,51f457e6-7ad8-4af6-ae38-b6564b3fe46d,60.0234642,1,2,,
5,SR,1_B.json,386be10f-0686-4118-928d-b57f06593b2f,2cff3439-57b1-415b-9f63-b7fdf5fc3c49,55.36088,1,3,,
5,SR,1_B.json,b3a3afee-32b8-4986-b9e8-16227e2c7bd9,4114d8ce-eadc-4f1c-a116-631036fc3387,31.56262,1,1,,
5,SR,1_B.json,25c3ccdb-26c7-4109-bcfe-730434f9caa9,cdfd277d-709b-4215-82b6-db5d046f272f,24.7615376,1,2,,
5,SR,1_B.json,4fd86244-384f-4a69-adc8-6fd13c16422c,2b7bb97c-e387-4443-8b96-60d18b42c18c,83.34935,3,1,,
5,SR,1_B.json,19e8d0a8-02bf-4644-9732-e4190e13825e,29b7c8f2-f041-478e-b2f0-04e6407ecd67,137.86792,4,5,,
5,SR,1_B.json,cd873fbb-fcc1-43bd-8f04-bb3b2d716af4,17975ddc-ded9-430c-90f2-c07b21e35d1c,51.45718,3,6,,
5,SR,1_B.json,95479aa7-9c98-49e4-817e-727302518dae,e6e79c3d-1401-4cd8-84fc-6265e0886ae5,39.2266541,1,3,,
5,SR,1_B.json,2a7b8c63-3775-4bbf-8841-7976b4ccf32f,2257c6de-4074-41c6-9858-a36777aabf85,39.0066071,1,4,,
5,SR,1_B.json,4f145d76-f69f-4547-90a7-56281733ca5b,60576576-b050-4b61-b6f2-b76b90071ebe,20.6292915,1,1,,
5,SR,1_B.json,fcee09b7-efa4-4e87-956e-553ee7bb3648,739ae664-c767-48c8-8ed0-5fe1a58a571a,33.8033943,2,2,,
5,SR,1_B.json,9e93766e-b621-4d6e-9927-173ac982bf3a,a950a812-9c88-42bc-adae-a10f89ca857a,11.4883356,1,1,,
6,P+SR,2_D.json,2d0b42ad-6703-463c-81b3-4ee4d0c8b347,2d3f608a-b217-4188-9d43-080becaa695c,105.866516,2,1,,
6,P+SR,2_D.json,5dde3eac-8ee6-4821-99d4-f6e4ae5f7bd2,7fd0ac75-0a16-4f47-b12d-f270017dad80,72.49237,3,2,,
6,P+SR,2_D.json,bee10050-f98c-456a-a684-4435ee88ef00,660a21cf-e7ef-4d8c-8d6b-26478f628240,129.129791,6,3,,
6,P+SR,2_D.json,b1e13b56-4030-40b3-a8c7-fbc4554e6c18,4089c9ac-a22d-48d2-97f3-14a77701edda,63.0227737,3,4,,
6,P+SR,2_D.json,c78550a2-290e-4b94-98db-961c2110c668,96a58c24-735c-4df4-80af-65cc32f60fe2,69.5878754,3,4,,
6,P+SR,2_D.json,40573e58-0087-4bb3-9ed7-d18a24a35b78,cda0eed3-6540-4344-b1d2-628b984c6efd,204.304108,6,9,,
6,P+SR,2_D.json,7aeefa77-f398-4a26-b615-e50c4d05ba64,1232d54c-966d-4908-b14b-9ef2887d64e3,71.75282,3,2,,
6,P+SR,2_D.json,79dc7e7b-d1c7-4237-908d-f541b20406d4,a67cb797-599e-4fb6-bfd5-118fd1b5eadd,39.52762,2,1,,
6,P+SR,2_D.json,2e919b0d-6d84-4641-a535-930a7ca6c8b7,5b65f33e-c2e1-4852-9c93-1ecff069307e,69.26012,4,3,,
6,P+SR,2_D.json,ae59cd40-20ff-4809-8cbb-87c7cc41665c,4529c932-cd1e-41d2-bfad-3a5c31fabd6c,67.27969,3,4,,
6,P+SR,2_D.json,09ff7f59-f6d6-4c54-9955-f1b4bfd11225,ac9fd6b8-0679-41a3-9b56-f41415bcce20,66.856636,3,3,,
6,P+SR,2_D.json,fdf65cab-a9a0-4e5f-ac35-c3cff2196644,3fef74b2-620a-4a09-b8bd-b6c79060b104,46.1977921,2,4,,
6,Pointing,3_C.json,04f5e376-2845-485a-8cb1-c38e3858ff8a,84a997dc-1b67-4f26-a855-489895d1e225,25.5496254,2,4,,
6,Pointing,3_C.json,4e23551b-4fd6-49d6-bc2b-c11836bf2a24,af25828e-d3fc-4ecd-a346-920c07f01f9f,35.44967,2,2,,
6,Pointing,3_C.json,3d9e0045-08fb-4a50-b4e5-e4b24c3554c9,ea6b976f-7b85-433f-8ded-3603c1cc74ca,14.2201748,1,2,,
6,Pointing,3_C.json,e0153245-d5d9-449a-87f1-2a35d3239eef,036d6da6-acbe-4cbd-a1c6-6e382a8e3baa,40.6091537,2,6,,
6,Pointing,3_C.json,fd995852-c28d-49e9-97b5-9774af3241c3,0fbd8c97-7206-4c66-86c8-0782e4856048,32.5480728,3,6,,
6,Pointing,3_C.json,b594ae95-d981-4868-ae48-3f63eb87087a,31219b96-6469-4a35-8bdc-510a2df54ec5,25.1693439,2,4,,
6,Pointing,3_C.json,e81806f6-a4f2-4336-b77b-3407e101bc18,282f7233-d695-446c-ba3f-abba529a8b95,25.0694637,2,2,,
6,Pointing,3_C.json,b0e9f035-c92f-4dc6-bd0a-a10b2941f902,14f7cd16-fe53-4ce0-919f-5738a68d0ddc,13.2182283,1,1,,
6,Pointing,3_C.json,7612d934-759d-4a55-9a58-ef65940b7162,5dea68cf-f4b2-482f-9cf7-5487687f6e50,29.6468468,3,3,,
6,Pointing,3_C.json,1ff814e6-7f85-4e81-ad9f-9aababb20e6d,0dd248a7-9f63-4169-861f-cef9b19d7616,33.61142,2,4,,
6,Pointing,3_C.json,3bc363f5-3c91-4c51-8139-93034b21f3a9,b8d98e77-2c07-44f9-87a2-baacb40f2ec9,11.947752,1,1,,
6,Pointing,3_C.json,ff4748e2-cd97-45bb-bf2c-e5c9c33f78ac,2d01626e-8d08-4e6d-bb4e-3f5a176f7378,39.8647728,3,3,,
6,Label,4_B.json,1a84f2f7-1739-41af-94ae-9a3c6677e61d,2a2d983d-4c88-4694-9523-dd8323996bfb,68.49287,1,3,,
6,Label,4_B.json,9e93766e-b621-4d6e-9927-173ac982bf3a,acfb85ef-dbd6-43e3-be38-db3673a49dc6,44.439888,1,2,,
6,Label,4_B.json,386be10f-0686-4118-928d-b57f06593b2f,92a0f421-66c6-456b-a695-9ba8b8ec8632,146.660385,2,3,,
6,Label,4_B.json,4fd86244-384f-4a69-adc8-6fd13c16422c,1602d734-1c1c-476e-bf11-417079aa1340,92.3770752,1,3,,
6,Label,4_B.json,b3a3afee-32b8-4986-b9e8-16227e2c7bd9,b1201232-7b5c-4ee3-81fd-7f0a7c364106,31.629797,1,1,,
6,Label,4_B.json,25c3ccdb-26c7-4109-bcfe-730434f9caa9,a53ab4fd-7cc1-45d2-9ad9-430381ff6f2e,43.12894,1,2,,
6,Label,4_B.json,19e8d0a8-02bf-4644-9732-e4190e13825e,3c89ad94-d30c-4369-8068-9e1f52f5afa5,47.99373,1,4,,
6,Label,4_B.json,2a7b8c63-3775-4bbf-8841-7976b4ccf32f,43b9a7ab-ac32-41b5-b4ba-775c0491f8e5,104.701675,2,4,,
6,Label,4_B.json,95479aa7-9c98-49e4-817e-727302518dae,de804d3a-ba1d-4872-be49-f8fae01dcd74,24.7543964,1,3,,
6,Label,4_B.json,4f145d76-f69f-4547-90a7-56281733ca5b,e49f3e96-e00d-48ab-9b52-69a4da01555b,35.0686569,1,2,,
6,Label,4_B.json,cd873fbb-fcc1-43bd-8f04-bb3b2d716af4,17c73145-ee39-432c-833d-f6d09856f3c9,102.774185,2,6,,
6,Label,4_B.json,fcee09b7-efa4-4e87-956e-553ee7bb3648,31e2de4f-399c-4fac-9b13-4ba606e6ecb2,20.05771,1,2,,
6,SR,1_A.json,2369c5c0-c4bb-4308-a9cd-05a64a69f91a,cc8bcace-92d5-419f-8ba1-f95d0aa45d9b,255.836243,5,6,,
6,SR,1_A.json,d58fe3c1-28a0-4e49-9e2f-e72569f6e61e,0c330967-42bb-4357-b3f5-22d6df0d62bd,64.80329,1,4,,
6,SR,1_A.json,0ebd3226-6abe-4b54-8d2f-6c4c8adc1978,aa1dfd80-cc30-471e-a0b2-ab395f64660e,53.08708,3,2,,
6,SR,1_A.json,fe0ef0b0-c647-4b3a-b2f6-68a75133a566,c48df22b-584f-412f-9ec3-239476e03def,25.0925121,1,1,,
6,SR,1_A.json,8aeed698-e7ee-41ef-bfe7-56f37e2232ab,f6b934f6-9c03-45c8-a815-7d7cdbb9aad9,95.70167,2,3,,
6,SR,1_A.json,137e922c-0877-46af-a797-5a32df2edf5d,c1914965-b9c0-4d5d-8dc9-1d2e26750780,68.5105438,1,3,,
6,SR,1_A.json,f548cabb-2a47-4399-a702-f76d5d1336df,a3fb1140-2143-447b-9878-ff83ee814714,113.143517,3,2,,
6,SR,1_A.json,81c1a60b-c8ac-4a16-b831-1df68863e61e,a3dfe6f1-9773-42e0-8927-a1f794c5e41d,140.626251,4,3,,
6,SR,1_A.json,c87d383c-41db-4303-8615-9271bbf2465e,f136a7a2-3a67-4a7e-a04d-deb568b61eb9,56.7141228,3,2,,
6,SR,1_A.json,e2dc0c9a-3e6f-40a4-b8c5-7289c1efe296,794f24e3-ea7d-470a-abe3-8cc03800b0b7,47.45549,1,1,,
6,SR,1_A.json,7cbd6f03-54a0-426f-b4ea-d8e0ce58e276,d8eecedb-42d0-4b68-b947-1152f80ee6dc,58.6800766,1,2,,
6,SR,1_A.json,eee4a904-a6ad-4369-970f-b656e1f59f12,803eb8cb-41b6-4398-b552-1eaec5ab32e1,55.0016823,1,2,,
7,Pointing,3_D.json,bee10050-f98c-456a-a684-4435ee88ef00,fd567589-082b-41e1-929a-f2c17cf1811a,104.329895,3,3,,
7,Pointing,3_D.json,7aeefa77-f398-4a26-b615-e50c4d05ba64,29412b36-a779-4bc6-a708-c9c1732d4901,43.4613,2,2,,
7,Pointing,3_D.json,2e919b0d-6d84-4641-a535-930a7ca6c8b7,3ed6d78a-71fc-420d-b6ce-715f52fce7a7,59.4670753,3,3,,
7,Pointing,3_D.json,40573e58-0087-4bb3-9ed7-d18a24a35b78,45e132aa-e6e1-4844-84da-f529236cc851,46.7211761,3,9,,
7,Pointing,3_D.json,fdf65cab-a9a0-4e5f-ac35-c3cff2196644,6b446a9e-6e38-4c39-a2a9-7517b66b4ec0,24.1421928,1,4,,
7,Pointing,3_D.json,79dc7e7b-d1c7-4237-908d-f541b20406d4,a3c692ca-79ca-47b6-b2af-52c98125b1cd,24.7006454,1,1,,
7,Pointing,3_D.json,5dde3eac-8ee6-4821-99d4-f6e4ae5f7bd2,16a9944b-fe8a-46ef-bbc7-9bde51facd93,51.4115868,2,2,,
7,Pointing,3_D.json,c78550a2-290e-4b94-98db-961c2110c668,6c07e36d-de13-4acf-a352-eed1428c9ebc,47.513176,2,4,,
7,Pointing,3_D.json,2d0b42ad-6703-463c-81b3-4ee4d0c8b347,8624a4d0-1d8e-4443-90e0-052d96eb8ba4,25.55293,1,1,,
7,Pointing,3_D.json,09ff7f59-f6d6-4c54-9955-f1b4bfd11225,dd3454d5-6ef3-4dfc-88ea-44e10427d052,26.4535789,1,3,,
7,Pointing,3_D.json,ae59cd40-20ff-4809-8cbb-87c7cc41665c,17a78657-8b82-4cb6-8aa8-b7c5886b26a1,40.4930534,2,4,,
7,Pointing,3_D.json,b1e13b56-4030-40b3-a8c7-fbc4554e6c18,2f6b6ac4-dbd6-46ab-833d-f6e0745f4834,25.9880733,2,4,,
7,Label,4_C.json,3d9e0045-08fb-4a50-b4e5-e4b24c3554c9,28bde974-4697-4dae-993e-18bf4700ae81,46.90889,1,2,,
7,Label,4_C.json,e81806f6-a4f2-4336-b77b-3407e101bc18,24560ccb-0fa6-495f-b73e-9057696753c5,160.729523,6,3,,
7,Label,4_C.json,7612d934-759d-4a55-9a58-ef65940b7162,770deeb0-c7a2-461a-a48b-a5366bbeb406,142.926453,6,3,,
7,Label,4_C.json,b594ae95-d981-4868-ae48-3f63eb87087a,1f65fa6a-b177-4642-b957-20d260bda7b5,121.681946,3,4,,
7,Label,4_C.json,ff4748e2-cd97-45bb-bf2c-e5c9c33f78ac,e82337b2-e3fc-4be0-93db-e92d485107d3,34.2855263,1,3,,
7,Label,4_C.json,b0e9f035-c92f-4dc6-bd0a-a10b2941f902,b14425ef-63d4-4365-8548-65e91c8e96b3,131.107544,2,1,,
7,Label,4_C.json,4e23551b-4fd6-49d6-bc2b-c11836bf2a24,72ce1401-8867-45be-b033-216a2a009fca,101.180344,4,2,,
7,Label,4_C.json,fd995852-c28d-49e9-97b5-9774af3241c3,d9b6bec7-92e1-4edb-b514-5fffe79d61a1,74.440506,4,6,,
7,Label,4_C.json,04f5e376-2845-485a-8cb1-c38e3858ff8a,9a4f8061-c9e8-4d80-b9e7-50c086cef559,62.309,2,4,,
7,Label,4_C.json,3bc363f5-3c91-4c51-8139-93034b21f3a9,7a164e68-f714-4bb2-93a9-369013e2fbab,24.516058,1,1,,
7,Label,4_C.json,1ff814e6-7f85-4e81-ad9f-9aababb20e6d,31c6a2d7-6c03-41d2-91e3-f7e0b78040e1,161.937286,6,4,,
7,Label,4_C.json,e0153245-d5d9-449a-87f1-2a35d3239eef,500911b8-cbb9-4248-b2d5-9615db50e161,47.9156532,2,6,,
7,P+SR,2_B.json,386be10f-0686-4118-928d-b57f06593b2f,2846215c-102e-4d4a-b405-f55a285f28bd,69.14421,1,3,,
7,P+SR,2_B.json,19e8d0a8-02bf-4644-9732-e4190e13825e,89b18d1d-a1fb-4a91-b4b8-715d9c059225,57.39999,2,4,,
7,P+SR,2_B.json,95479aa7-9c98-49e4-817e-727302518dae,6ea34a66-3580-4ad7-857e-454e0a1c890c,27.45103,1,3,,
7,P+SR,2_B.json,25c3ccdb-26c7-4109-bcfe-730434f9caa9,d164f37b-d85b-4da7-aaf3-5bb26abb8803,22.7298241,1,2,,
7,P+SR,2_B.json,fcee09b7-efa4-4e87-956e-553ee7bb3648,3b9dfb46-1e91-45f2-9f2f-6c034c8ac133,32.30564,1,2,,
7,P+SR,2_B.json,2a7b8c63-3775-4bbf-8841-7976b4ccf32f,b7fbf361-87c6-4649-b3ef-8ea72b23bef3,38.5675621,1,4,,
7,P+SR,2_B.json,9e93766e-b621-4d6e-9927-173ac982bf3a,29710b6e-e0fe-4ef5-8b3d-2e7cfa9bc56c,22.8067684,1,2,,
7,P+SR,2_B.json,b3a3afee-32b8-4986-b9e8-16227e2c7bd9,77c26717-0128-4409-813e-2c995d2c8fda,14.4317732,1,1,,
7,P+SR,2_B.json,1a84f2f7-1739-41af-94ae-9a3c6677e61d,3af3ca83-9007-4ed6-ba97-288a39332129,36.5902023,1,3,,
7,P+SR,2_B.json,cd873fbb-fcc1-43bd-8f04-bb3b2d716af4,d26f17fc-47d8-4e52-8e1e-9fa65e0868c0,50.97749,1,6,,
7,P+SR,2_B.json,4f145d76-f69f-4547-90a7-56281733ca5b,3122e676-26da-4518-9a81-14e03c446b51,23.5899487,1,2,,
7,P+SR,2_B.json,4fd86244-384f-4a69-adc8-6fd13c16422c,79cca96c-23e1-4e28-aee1-3651a9958a42,55.8498154,1,3,,
7,SR,1_A.json,2369c5c0-c4bb-4308-a9cd-05a64a69f91a,24db1dd6-fc7a-467a-9856-b2103447b25f,252.737854,5,6,,
7,SR,1_A.json,d58fe3c1-28a0-4e49-9e2f-e72569f6e61e,56113213-2ef0-44e3-bfa8-c08809469a98,49.6049728,1,4,,
7,SR,1_A.json,0ebd3226-6abe-4b54-8d2f-6c4c8adc1978,35512e4e-5d96-4a99-bc73-aa8e3e0032d6,29.2477646,2,2,,
7,SR,1_A.json,fe0ef0b0-c647-4b3a-b2f6-68a75133a566,377bea0a-7155-418d-a0f9-9bd0a6c54522,17.3969555,1,1,,
7,SR,1_A.json,8aeed698-e7ee-41ef-bfe7-56f37e2232ab,01219d5a-5627-463e-9990-8ec2baa57310,117.841454,6,3,,
7,SR,1_A.json,137e922c-0877-46af-a797-5a32df2edf5d,09ffc62e-fdb5-45a6-b06b-56fefee5a2d0,127.0778,4,1,,
7,SR,1_A.json,f548cabb-2a47-4399-a702-f76d5d1336df,946c7f87-b230-47fb-853d-663d6d54cd85,29.2013187,2,2,,
7,SR,1_A.json,81c1a60b-c8ac-4a16-b831-1df68863e61e,d752e68f-faa8-4eee-a18d-775f8f8889f8,55.4495,3,3,,
7,SR,1_A.json,c87d383c-41db-4303-8615-9271bbf2465e,34f6edbf-34e8-45d0-9b65-bb970fa88ad3,39.1232948,2,2,,
7,SR,1_A.json,e2dc0c9a-3e6f-40a4-b8c5-7289c1efe296,65ce0764-9f6b-43c6-884b-912eeb8f9bea,47.3660851,1,1,,
7,SR,1_A.json,7cbd6f03-54a0-426f-b4ea-d8e0ce58e276,f5411b21-6933-4603-919e-e1f8fd89e810,183.3817,5,2,,
7,SR,1_A.json,eee4a904-a6ad-4369-970f-b656e1f59f12,60f3a620-99b8-430b-bf41-97c83dd61827,67.14068,2,2,,
8,P+SR,2_A.json,eee4a904-a6ad-4369-970f-b656e1f59f12,180319b7-28f3-44c1-bc16-bec6af7390fc,158.698776,3,2,,
8,P+SR,2_A.json,8aeed698-e7ee-41ef-bfe7-56f37e2232ab,f22206bf-878c-4609-a139-7dd5aab04e3f,48.79654,1,3,,
8,P+SR,2_A.json,2369c5c0-c4bb-4308-a9cd-05a64a69f91a,a9fec559-d3b8-4b14-a7a2-97569c2c6680,61.9143677,2,6,,
8,P+SR,2_A.json,81c1a60b-c8ac-4a16-b831-1df68863e61e,73b4d868-bdbd-49c6-bc05-30c7bcd1e412,81.96752,2,3,,
8,P+SR,2_A.json,137e922c-0877-46af-a797-5a32df2edf5d,14b3e341-273c-4e0d-a2df-68e8d995d9f1,32.07225,1,3,,
8,P+SR,2_A.json,c87d383c-41db-4303-8615-9271bbf2465e,3c5bc788-b952-4a3d-bf28-9c6bebab7a0b,53.48729,2,2,,
8,P+SR,2_A.json,e2dc0c9a-3e6f-40a4-b8c5-7289c1efe296,957e30a9-f98d-4215-8291-c8b90d9e9068,40.8980942,2,1,,
8,P+SR,2_A.json,f548cabb-2a47-4399-a702-f76d5d1336df,ee957742-b689-4c46-9f82-f259ec3103e4,19.4952488,1,2,,
8,P+SR,2_A.json,0ebd3226-6abe-4b54-8d2f-6c4c8adc1978,856c54f3-993c-48dc-8ef9-a59a966bae63,45.6143761,2,2,,
8,P+SR,2_A.json,fe0ef0b0-c647-4b3a-b2f6-68a75133a566,aa7fda83-9ce1-40b7-bf2e-dd59fee65db6,21.4651775,1,1,,
8,P+SR,2_A.json,d58fe3c1-28a0-4e49-9e2f-e72569f6e61e,44b3d151-19f8-45cc-8993-48bbb40f8fcd,42.99614,3,4,,
8,P+SR,2_A.json,7cbd6f03-54a0-426f-b4ea-d8e0ce58e276,1ae8edfd-6f3b-4c3a-83ae-dbcfd11fa829,20.171423,1,2,,
8,Pointing,3_D.json,5dde3eac-8ee6-4821-99d4-f6e4ae5f7bd2,2ab9016a-d502-4743-9c67-3a8ee0c221d2,46.7096634,2,2,,
8,Pointing,3_D.json,b1e13b56-4030-40b3-a8c7-fbc4554e6c18,192c03e4-97ad-4e1a-9fe1-f331d6b189cf,42.64353,2,4,,
8,Pointing,3_D.json,2d0b42ad-6703-463c-81b3-4ee4d0c8b347,3c495ce2-163e-4f4f-b417-b5ddb320939c,40.1815338,1,1,,
8,Pointing,3_D.json,2e919b0d-6d84-4641-a535-930a7ca6c8b7,55021466-082c-40da-a0c2-bb27de2ee3f1,75.27791,3,3,,
8,Pointing,3_D.json,7aeefa77-f398-4a26-b615-e50c4d05ba64,5b75f071-ea2a-4587-894d-5517a38cbb97,31.8046284,2,2,,
8,Pointing,3_D.json,79dc7e7b-d1c7-4237-908d-f541b20406d4,4a6913ad-954b-4e82-ae8c-6805ba462e96,48.5620728,1,1,,
8,Pointing,3_D.json,ae59cd40-20ff-4809-8cbb-87c7cc41665c,2bcca54b-2096-4f73-b922-a9555b51a236,71.38476,3,4,,
8,Pointing,3_D.json,09ff7f59-f6d6-4c54-9955-f1b4bfd11225,892f60d2-da4f-4bba-bfd2-3c5c48073375,50.9648132,1,3,,
8,Pointing,3_D.json,c78550a2-290e-4b94-98db-961c2110c668,bd451521-bb7e-4b15-8ba5-83d760aa1341,43.31068,2,4,,
8,Pointing,3_D.json,40573e58-0087-4bb3-9ed7-d18a24a35b78,5c4ca47b-3cdf-4940-8f08-089f4e716740,56.8682556,3,9,,
8,Pointing,3_D.json,bee10050-f98c-456a-a684-4435ee88ef00,8eee7151-729a-4cc2-a0b9-ae20255fc2bc,50.5785,3,3,,
8,Pointing,3_D.json,fdf65cab-a9a0-4e5f-ac35-c3cff2196644,b6438dc2-bb60-4167-9a3a-f8208af0b9a9,20.8774147,1,4,,
8,Label,4_C.json,4e23551b-4fd6-49d6-bc2b-c11836bf2a24,22642577-5340-474d-9a73-baa68a82bf76,122.797,1,2,,
8,Label,4_C.json,e0153245-d5d9-449a-87f1-2a35d3239eef,8bc34645-fdd9-4843-8086-690ccbedc34a,93.0337448,1,6,,
8,Label,4_C.json,04f5e376-2845-485a-8cb1-c38e3858ff8a,68ca9aa3-3d4c-46b3-9fb6-ba29f8df64c9,75.03242,1,4,,
8,Label,4_C.json,7612d934-759d-4a55-9a58-ef65940b7162,d6ee1b3d-f3cd-4f6e-9674-de69a7943ef2,42.6820564,1,3,,
8,Label,4_C.json,e81806f6-a4f2-4336-b77b-3407e101bc18,b669f513-e83a-4626-b305-3261cef7e648,29.4217758,1,3,,
8,Label,4_C.json,b0e9f035-c92f-4dc6-bd0a-a10b2941f902,260c65cc-d942-4245-b59f-0a1c51a4aecd,49.8661346,2,1,,
8,Label,4_C.json,1ff814e6-7f85-4e81-ad9f-9aababb20e6d,23502558-3c32-455c-8fab-b7e7917527d5,243.349426,2,4,,
8,Label,4_C.json,3bc363f5-3c91-4c51-8139-93034b21f3a9,75f2ff9b-c7a2-4349-af48-0561274e598f,54.5144424,1,1,,
8,Label,4_C.json,fd995852-c28d-49e9-97b5-9774af3241c3,418f6fa0-13c3-434b-b38f-f74bbaf65658,53.2293167,1,6,,
8,Label,4_C.json,b594ae95-d981-4868-ae48-3f63eb87087a,0995624d-8180-451a-82e3-0bd880e8c9ec,36.5474358,1,4,,
8,Label,4_C.json,3d9e0045-08fb-4a50-b4e5-e4b24c3554c9,2a0f48f4-3651-4076-bd4b-b30f7012adfc,41.1132,2,2,,
8,Label,4_C.json,ff4748e2-cd97-45bb-bf2c-e5c9c33f78ac,659fe9c0-b0f6-4998-9446-7f00a9dc9092,28.80195,1,3,,
8,SR,1_B.json,1a84f2f7-1739-41af-94ae-9a3c6677e61d,e3334d4f-9202-460a-8a53-ad36c89ecb52,45.16423,1,3,,
8,SR,1_B.json,386be10f-0686-4118-928d-b57f06593b2f,10326826-aa30-4d6d-9e76-69b193feab77,64.8200455,1,3,,
8,SR,1_B.json,b3a3afee-32b8-4986-b9e8-16227e2c7bd9,614ddd9a-6504-44b8-bb14-c6aa254def04,31.4507217,1,1,,
8,SR,1_B.json,25c3ccdb-26c7-4109-bcfe-730434f9caa9,b76a6cb1-d016-4354-b472-27ba9d304bd5,138.361084,1,2,,
8,SR,1_B.json,4fd86244-384f-4a69-adc8-6fd13c16422c,efb07b36-f05d-4a48-a8e3-5712502912f7,315.609283,5,3,,
8,SR,1_B.json,19e8d0a8-02bf-4644-9732-e4190e13825e,a4e6c827-d334-403c-af62-3584530368e9,179.995285,2,4,,
8,SR,1_B.json,cd873fbb-fcc1-43bd-8f04-bb3b2d716af4,f085d445-3c92-4467-9304-19bc1d8e1aa8,75.55589,2,6,,
8,SR,1_B.json,95479aa7-9c98-49e4-817e-727302518dae,a07e4790-1842-42a4-b072-4c50d6fa7fba,39.4660149,1,3,,
8,SR,1_B.json,2a7b8c63-3775-4bbf-8841-7976b4ccf32f,148d4093-9e56-4abc-9f76-5a33e7b7fac6,60.8645325,1,4,,
8,SR,1_B.json,4f145d76-f69f-4547-90a7-56281733ca5b,1274f02b-72e4-415c-acd8-2c379782c89a,59.1780777,2,2,,
8,SR,1_B.json,fcee09b7-efa4-4e87-956e-553ee7bb3648,eb420c94-bf46-4af0-914f-6170c6fe37d5,31.0892982,1,2,,
8,SR,1_B.json,9e93766e-b621-4d6e-9927-173ac982bf3a,5c468415-5fd6-4354-b5b5-0b939459bad4,60.6839523,2,2,,
9,P+SR,2_A.json,fe0ef0b0-c647-4b3a-b2f6-68a75133a566,8bc97a9d-ac49-46ef-8a77-9c922628d40f,27.42026,1,1,,
9,P+SR,2_A.json,f548cabb-2a47-4399-a702-f76d5d1336df,4c12c734-32a7-40f2-92f4-485626c2e60b,19.7946453,1,2,,
9,P+SR,2_A.json,d58fe3c1-28a0-4e49-9e2f-e72569f6e61e,2b12e362-5067-4e26-973c-ed1ccac126c8,49.74113,2,4,,
9,P+SR,2_A.json,e2dc0c9a-3e6f-40a4-b8c5-7289c1efe296,85b6fe82-3d83-4ae8-b667-39078c581552,13.491334,1,1,,
9,P+SR,2_A.json,c87d383c-41db-4303-8615-9271bbf2465e,1920d723-76e0-466f-95bb-a05a9f1c5207,33.7986336,1,2,,
9,P+SR,2_A.json,7cbd6f03-54a0-426f-b4ea-d8e0ce58e276,821c07cb-d423-45e2-b661-6b2d3cfc922c,21.8501186,1,2,,
9,P+SR,2_A.json,81c1a60b-c8ac-4a16-b831-1df68863e61e,f9c7409a-ce7e-4f77-b6ab-ec587fe14dc7,56.55554,1,3,,
9,P+SR,2_A.json,0ebd3226-6abe-4b54-8d2f-6c4c8adc1978,56b0538a-47fd-4a62-96ef-d29b4e404806,48.7410965,1,2,,
9,P+SR,2_A.json,8aeed698-e7ee-41ef-bfe7-56f37e2232ab,5a27d23f-01ce-4cce-af74-174f7f7c2e3e,114.323349,5,5,,
9,P+SR,2_A.json,2369c5c0-c4bb-4308-a9cd-05a64a69f91a,810d8aef-2455-4690-9939-9856822437ca,40.5930939,1,6,,
9,P+SR,2_A.json,eee4a904-a6ad-4369-970f-b656e1f59f12,c0dccdfd-fbff-4852-907b-400de031c43a,23.0844669,1,2,,
9,P+SR,2_A.json,137e922c-0877-46af-a797-5a32df2edf5d,d2089f07-079d-4227-a513-a7e83984f848,39.00844,1,3,,
9,SR,1_D.json,2d0b42ad-6703-463c-81b3-4ee4d0c8b347,718bc7ac-9fb4-477e-a19d-69f43d676c24,159.329269,3,1,,
9,SR,1_D.json,bee10050-f98c-456a-a684-4435ee88ef00,e5b28318-5ee2-4364-bad8-ae400294331a,351.6704,4,3,,
9,SR,1_D.json,c78550a2-290e-4b94-98db-961c2110c668,30e29d84-9371-44ec-96b9-08e3f92f2895,395.7755,11,4,,
9,SR,1_D.json,40573e58-0087-4bb3-9ed7-d18a24a35b78,8608a6fa-a176-44af-a44a-5e8668ee8b22,144.659119,5,9,,
9,SR,1_D.json,b1e13b56-4030-40b3-a8c7-fbc4554e6c18,07c24bfc-112e-43f7-babe-7b8abe20e33c,104.3104,4,5,,
9,SR,1_D.json,7aeefa77-f398-4a26-b615-e50c4d05ba64,7dd59aa6-433b-4656-a105-ba010f44a5a9,102.436752,5,3,,
9,SR,1_D.json,09ff7f59-f6d6-4c54-9955-f1b4bfd11225,605cf5c9-fc89-4fc7-b37a-2feb93600351,110.946716,5,11,,
9,SR,1_D.json,2e919b0d-6d84-4641-a535-930a7ca6c8b7,5089cfea-3cb8-4969-a955-e84927c21b1a,36.4796829,1,3,,
9,SR,1_D.json,79dc7e7b-d1c7-4237-908d-f541b20406d4,3c871542-eedf-4153-adca-23ddb29b7536,26.81619,1,1,,
9,SR,1_D.json,ae59cd40-20ff-4809-8cbb-87c7cc41665c,963e5895-378f-4857-87bf-f30816cf97e1,155.410263,5,7,,
9,SR,1_D.json,fdf65cab-a9a0-4e5f-ac35-c3cff2196644,e4e7210f-567c-4a3c-8f7f-f0cfdc2b94b2,213.239731,7,3,,
9,SR,1_D.json,5dde3eac-8ee6-4821-99d4-f6e4ae5f7bd2,3620e76a-8b17-40bf-a6e2-901cd2a468ad,173.94133,5,3,,
9,Pointing,3_C.json,b594ae95-d981-4868-ae48-3f63eb87087a,ba5e2234-fb81-4be3-8c5b-fb58f31df9d6,31.2441826,4,4,,
9,Pointing,3_C.json,3bc363f5-3c91-4c51-8139-93034b21f3a9,ba5b7930-5fb7-46e5-bdbb-44cf360e889c,12.635026,1,1,,
9,Pointing,3_C.json,3d9e0045-08fb-4a50-b4e5-e4b24c3554c9,c6902eaa-078c-44c0-859d-3a0dcf051f1b,17.8195152,1,2,,
9,Pointing,3_C.json,1ff814e6-7f85-4e81-ad9f-9aababb20e6d,a94a64bc-4748-478c-a517-1420904181b2,35.717617,2,4,,
9,Pointing,3_C.json,b0e9f035-c92f-4dc6-bd0a-a10b2941f902,3d028f81-c930-4125-972d-ffe689db7e5b,12.2429934,1,1,,
9,Pointing,3_C.json,ff4748e2-cd97-45bb-bf2c-e5c9c33f78ac,03c3a554-016a-40c9-83e7-9ea7c2f5192f,26.3888836,1,3,,
9,Pointing,3_C.json,7612d934-759d-4a55-9a58-ef65940b7162,45a41ed1-e2cc-4ac7-a62f-13ca7ac7744b,35.2758636,3,3,,
9,Pointing,3_C.json,fd995852-c28d-49e9-97b5-9774af3241c3,2a34de74-41b6-4f70-b9ce-d46191dd50c0,33.58145,3,6,,
9,Pointing,3_C.json,e0153245-d5d9-449a-87f1-2a35d3239eef,dfc78f6b-a773-4525-8a8a-cd213d3970c5,42.35805,2,6,,
9,Pointing,3_C.json,04f5e376-2845-485a-8cb1-c38e3858ff8a,b25a8e3a-81b7-408f-80ad-b1e8682fb193,24.6296539,2,4,,
9,Pointing,3_C.json,4e23551b-4fd6-49d6-bc2b-c11836bf2a24,52f89bf0-92d8-4b14-9603-c7824e279b84,37.9173622,2,2,,
9,Pointing,3_C.json,e81806f6-a4f2-4336-b77b-3407e101bc18,91fc37fc-ee8a-4f7f-8045-31839d80474c,22.5480118,2,3,,
9,Label,4_B.json,25c3ccdb-26c7-4109-bcfe-730434f9caa9,5b897e50-80d3-4e90-bb97-0f4c9b50fbca,37.41612,1,2,,
9,Label,4_B.json,cd873fbb-fcc1-43bd-8f04-bb3b2d716af4,71afbb53-7bed-46b4-8b04-b3b0202e7d6c,88.3055344,3,5,,
9,Label,4_B.json,386be10f-0686-4118-928d-b57f06593b2f,7652e6ee-7b0c-4cf1-8ef8-2899026ea250,128.361908,4,3,,
9,Label,4_B.json,4f145d76-f69f-4547-90a7-56281733ca5b,8d667cdf-7f71-4e88-9845-ce78cca24d1c,26.33249,1,2,,
9,Label,4_B.json,2a7b8c63-3775-4bbf-8841-7976b4ccf32f,33bf1d82-4cab-4f8d-aa01-fa5bdffabe58,93.27891,3,4,,
9,Label,4_B.json,fcee09b7-efa4-4e87-956e-553ee7bb3648,df6b0290-bf84-46e9-91d0-921b0cf63e13,41.617527,1,2,,
9,Label,4_B.json,95479aa7-9c98-49e4-817e-727302518dae,47247e4b-af96-4277-89a8-98e25a87d78f,29.3057785,1,3,,
9,Label,4_B.json,b3a3afee-32b8-4986-b9e8-16227e2c7bd9,f008ec25-e649-4143-b6e0-14a5267c8002,16.0726452,1,1,,
9,Label,4_B.json,4fd86244-384f-4a69-adc8-6fd13c16422c,d5ad9c53-01b0-4050-a5b9-9de9065b7aac,62.9754257,1,3,,
9,Label,4_B.json,1a84f2f7-1739-41af-94ae-9a3c6677e61d,25157a2f-530e-4e00-aaf2-87cc218de0dd,33.3468628,1,3,,
9,Label,4_B.json,9e93766e-b621-4d6e-9927-173ac982bf3a,49d232bf-b660-46bc-971e-4e918369fc25,22.10216,1,2,,
9,Label,4_B.json,19e8d0a8-02bf-4644-9732-e4190e13825e,58a7a926-5d0c-4a70-bb8c-c6640982e59b,75.90541,2,4,,
